Year,Quarter,Tasking Location Type,Period,Location,ONScode,Value,obsStatus
2017,Apr to Jun,Beach/Cliff,2017-2018/Q1,Caernarfon,E123456,9,
2017,Apr to Jun,Mountain,2017-2018/Q1,Caernarfon,E123456,38,
2017,Apr to Jun,Other,2017-2018/Q1,Caernarfon,E123456,32,
2017,Apr to Jun,Vessel,2017-2018/Q1,Caernarfon,E123456,7,
2017,Apr to Jun,Total,2017-2018/Q1,Caernarfon,E123456,86,
2017,Jul to Sep,Beach/Cliff,2017-2018/Q2,Caernarfon,E123456,25,
2017,Jul to Sep,Mountain,2017-2018/Q2,Caernarfon,E123456,45,
2017,Jul to Sep,Other,2017-2018/Q2,Caernarfon,E123456,20,
2017,Jul to Sep,Vessel,2017-2018/Q2,Caernarfon,E123456,1,
2017,Jul to Sep,Total,2017-2018/Q2,Caernarfon,E123456,91,
2017,Oct to Dec,Beach/Cliff,2017-2018/Q3,Caernarfon,E123456,7,
2017,Oct to Dec,Mountain,2017-2018/Q3,Caernarfon,E123456,28,
2017,Oct to Dec,Other,2017-2018/Q3,Caernarfon,E123456,17,
2017,Oct to Dec,Vessel,2017-2018/Q3,Caernarfon,E123456,3,
2017,Oct to Dec,Total,2017-2018/Q3,Caernarfon,E123456,55,
2018,Jan to Mar,Beach/Cliff,2018-2019/Q4,Caernarfon,E123456,12,
2018,Jan to Mar,Mountain,2018-2019/Q4,Caernarfon,E123456,34,
2018,Jan to Mar,Other,2018-2019/Q4,Caernarfon,E123456,20,
2018,Jan to Mar,Vessel,2018-2019/Q4,Caernarfon,E123456,3,
2018,Jan to Mar,Total,2018-2019/Q4,Caernarfon,E123456,69,
2018,Apr to Jun,Beach/Cliff,2018-2019/Q1,Caernarfon,E123456,13,
2018,Apr to Jun,Mountain,2018-2019/Q1,Caernarfon,E123456,40,
2018,Apr to Jun,Other,2018-2019/Q1,Caernarfon,E123456,23,
2018,Apr to Jun,Vessel,2018-2019/Q1,Caernarfon,E123456,4,
2018,Apr to Jun,Total,2018-2019/Q1,Caernarfon,E123456,80,
2018,Jul to Sep,Beach/Cliff,2018-2019/Q2,Caernarfon,E123456,21,
2018,Jul to Sep,Mountain,2018-2019/Q2,Caernarfon,E123456,50,
2018,Jul to Sep,Other,2018-2019/Q2,Caernarfon,E123456,30,
2018,Jul to Sep,Vessel,2018-2019/Q2,Caernarfon,E123456,9,
2018,Jul to Sep,Total,2018-2019/Q2,Caernarfon,E123456,110,
2018,Oct to Dec,Beach/Cliff,2018-2019/Q3,Caernarfon,E123456,4,
2018,Oct to Dec,Mountain,2018-2019/Q3,Caernarfon,E123456,31,
2018,Oct to Dec,Other,2018-2019/Q3,Caernarfon,E123456,15,
2018,Oct to Dec,Vessel,2018-2019/Q3,Caernarfon,E123456,1,
2018,Oct to Dec,Total,2018-2019/Q3,Caernarfon,E123456,51,
2019,Jan to Mar,Beach/Cliff,2019-2020/Q4,Caernarfon,E123456,10,
2019,Jan to Mar,Mountain,2019-2020/Q4,Caernarfon,E123456,16,
2019,Jan to Mar,Other,2019-2020/Q4,Caernarfon,E123456,19,
2019,Jan to Mar,Vessel,2019-2020/Q4,Caernarfon,E123456,5,
2019,Jan to Mar,Total,2019-2020/Q4,Caernarfon,E123456,50,
2019,Apr to Jun,Beach/Cliff,2019-2020/Q1,Caernarfon,E123456,13,
2019,Apr to Jun,Mountain,2019-2020/Q1,Caernarfon,E123456,36,
2019,Apr to Jun,Other,2019-2020/Q1,Caernarfon,E123456,19,
2019,Apr to Jun,Vessel,2019-2020/Q1,Caernarfon,E123456,4,
2019,Apr to Jun,Total,2019-2020/Q1,Caernarfon,E123456,72,
2019,Jul to Sep,Beach/Cliff,2019-2020/Q2,Caernarfon,E123456,15,
2019,Jul to Sep,Mountain,2019-2020/Q2,Caernarfon,E123456,62,
2019,Jul to Sep,Other,2019-2020/Q2,Caernarfon,E123456,18,
2019,Jul to Sep,Vessel,2019-2020/Q2,Caernarfon,E123456,5,
2019,Jul to Sep,Total,2019-2020/Q2,Caernarfon,E123456,100,
2019,Oct to Dec,Beach/Cliff,2019-2020/Q3,Caernarfon,E123456,8,
2019,Oct to Dec,Mountain,2019-2020/Q3,Caernarfon,E123456,15,
2019,Oct to Dec,Other,2019-2020/Q3,Caernarfon,E123456,19,
2019,Oct to Dec,Vessel,2019-2020/Q3,Caernarfon,E123456,6,
2019,Oct to Dec,Total,2019-2020/Q3,Caernarfon,E123456,48,
2020,Jan to Mar,Beach/Cliff,2020-2021/Q4,Caernarfon,E123456,6,
2020,Jan to Mar,Mountain,2020-2021/Q4,Caernarfon,E123456,21,
2020,Jan to Mar,Other,2020-2021/Q4,Caernarfon,E123456,13,
2020,Jan to Mar,Vessel,2020-2021/Q4,Caernarfon,E123456,1,
2020,Jan to Mar,Total,2020-2021/Q4,Caernarfon,E123456,41,
2020,Apr to Jun,Beach/Cliff,2020-2021/Q1,Caernarfon,E123456,13,
2020,Apr to Jun,Mountain,2020-2021/Q1,Caernarfon,E123456,1,
2020,Apr to Jun,Other,2020-2021/Q1,Caernarfon,E123456,11,
2020,Apr to Jun,Vessel,2020-2021/Q1,Caernarfon,E123456,2,
2020,Apr to Jun,Total,2020-2021/Q1,Caernarfon,E123456,27,
2020,Jul to Sep,Beach/Cliff,2020-2021/Q2,Caernarfon,E123456,23,
2020,Jul to Sep,Mountain,2020-2021/Q2,Caernarfon,E123456,62,
2020,Jul to Sep,Other,2020-2021/Q2,Caernarfon,E123456,29,
2020,Jul to Sep,Vessel,2020-2021/Q2,Caernarfon,E123456,6,
2020,Jul to Sep,Total,2020-2021/Q2,Caernarfon,E123456,120,
2020,Oct to Dec,Beach/Cliff,2020-2021/Q3,Caernarfon,E123456,8,
2020,Oct to Dec,Mountain,2020-2021/Q3,Caernarfon,E123456,14,
2020,Oct to Dec,Other,2020-2021/Q3,Caernarfon,E123456,14,
2020,Oct to Dec,Vessel,2020-2021/Q3,Caernarfon,E123456,2,
2020,Oct to Dec,Total,2020-2021/Q3,Caernarfon,E123456,38,
2021,Jan to Mar,Beach/Cliff,2021-2022/Q4,Caernarfon,E123456,9,
2021,Jan to Mar,Mountain,2021-2022/Q4,Caernarfon,E123456,5,
2021,Jan to Mar,Other,2021-2022/Q4,Caernarfon,E123456,15,
2021,Jan to Mar,Vessel,2021-2022/Q4,Caernarfon,E123456,4,
2021,Jan to Mar,Total,2021-2022/Q4,Caernarfon,E123456,33,
2021,Apr to Jun,Beach/Cliff,2021-2022/Q1,Caernarfon,E123456,16,
2021,Apr to Jun,Mountain,2021-2022/Q1,Caernarfon,E123456,39,
2021,Apr to Jun,Other,2021-2022/Q1,Caernarfon,E123456,18,
2021,Apr to Jun,Vessel,2021-2022/Q1,Caernarfon,E123456,6,
2021,Apr to Jun,Total,2021-2022/Q1,Caernarfon,E123456,79,
2021,Jul to Sep,Beach/Cliff,2021-2022/Q2,Caernarfon,E123456,30,
2021,Jul to Sep,Mountain,2021-2022/Q2,Caernarfon,E123456,77,
2021,Jul to Sep,Other,2021-2022/Q2,Caernarfon,E123456,28,
2021,Jul to Sep,Vessel,2021-2022/Q2,Caernarfon,E123456,6,
2021,Jul to Sep,Total,2021-2022/Q2,Caernarfon,E123456,141,
2021,Oct to Dec,Beach/Cliff,2021-2022/Q3,Caernarfon,E123456,9,
2021,Oct to Dec,Mountain,2021-2022/Q3,Caernarfon,E123456,28,
2021,Oct to Dec,Other,2021-2022/Q3,Caernarfon,E123456,15,
2021,Oct to Dec,Vessel,2021-2022/Q3,Caernarfon,E123456,5,
2021,Oct to Dec,Total,2021-2022/Q3,Caernarfon,E123456,57,
2022,Jan to Mar,Beach/Cliff,2022-2023/Q4,Caernarfon,E123456,13,
2022,Jan to Mar,Mountain,2022-2023/Q4,Caernarfon,E123456,29,
2022,Jan to Mar,Other,2022-2023/Q4,Caernarfon,E123456,17,
2022,Jan to Mar,Vessel,2022-2023/Q4,Caernarfon,E123456,1,
2022,Jan to Mar,Total,2022-2023/Q4,Caernarfon,E123456,60,
2017,Apr to Jun,Beach/Cliff,2017-2018/Q1,Humberside,E234567,9,
2017,Apr to Jun,Mountain,2017-2018/Q1,Humberside,E234567,3,
2017,Apr to Jun,Other,2017-2018/Q1,Humberside,E234567,31,
2017,Apr to Jun,Vessel,2017-2018/Q1,Humberside,E234567,15,
2017,Apr to Jun,Total,2017-2018/Q1,Humberside,E234567,58,
2017,Jul to Sep,Beach/Cliff,2017-2018/Q2,Humberside,E234567,16,
2017,Jul to Sep,Mountain,2017-2018/Q2,Humberside,E234567,3,
2017,Jul to Sep,Other,2017-2018/Q2,Humberside,E234567,41,
2017,Jul to Sep,Vessel,2017-2018/Q2,Humberside,E234567,10,
2017,Jul to Sep,Total,2017-2018/Q2,Humberside,E234567,70,
2017,Oct to Dec,Beach/Cliff,2017-2018/Q3,Humberside,E234567,9,
2017,Oct to Dec,Mountain,2017-2018/Q3,Humberside,E234567,2,
2017,Oct to Dec,Other,2017-2018/Q3,Humberside,E234567,30,
2017,Oct to Dec,Vessel,2017-2018/Q3,Humberside,E234567,13,
2017,Oct to Dec,Total,2017-2018/Q3,Humberside,E234567,54,
2018,Jan to Mar,Beach/Cliff,2018-2019/Q4,Humberside,E234567,11,
2018,Jan to Mar,Mountain,2018-2019/Q4,Humberside,E234567,6,
2018,Jan to Mar,Other,2018-2019/Q4,Humberside,E234567,28,
2018,Jan to Mar,Vessel,2018-2019/Q4,Humberside,E234567,19,
2018,Jan to Mar,Total,2018-2019/Q4,Humberside,E234567,64,
2018,Apr to Jun,Beach/Cliff,2018-2019/Q1,Humberside,E234567,14,
2018,Apr to Jun,Mountain,2018-2019/Q1,Humberside,E234567,3,
2018,Apr to Jun,Other,2018-2019/Q1,Humberside,E234567,26,
2018,Apr to Jun,Vessel,2018-2019/Q1,Humberside,E234567,18,
2018,Apr to Jun,Total,2018-2019/Q1,Humberside,E234567,61,
2018,Jul to Sep,Beach/Cliff,2018-2019/Q2,Humberside,E234567,24,
2018,Jul to Sep,Mountain,2018-2019/Q2,Humberside,E234567,2,
2018,Jul to Sep,Other,2018-2019/Q2,Humberside,E234567,33,
2018,Jul to Sep,Vessel,2018-2019/Q2,Humberside,E234567,10,
2018,Jul to Sep,Total,2018-2019/Q2,Humberside,E234567,69,
2018,Oct to Dec,Beach/Cliff,2018-2019/Q3,Humberside,E234567,8,
2018,Oct to Dec,Mountain,2018-2019/Q3,Humberside,E234567,4,
2018,Oct to Dec,Other,2018-2019/Q3,Humberside,E234567,34,
2018,Oct to Dec,Vessel,2018-2019/Q3,Humberside,E234567,13,
2018,Oct to Dec,Total,2018-2019/Q3,Humberside,E234567,59,
2019,Jan to Mar,Beach/Cliff,2019-2020/Q4,Humberside,E234567,8,
2019,Jan to Mar,Mountain,2019-2020/Q4,Humberside,E234567,1,
2019,Jan to Mar,Other,2019-2020/Q4,Humberside,E234567,16,
2019,Jan to Mar,Vessel,2019-2020/Q4,Humberside,E234567,8,
2019,Jan to Mar,Total,2019-2020/Q4,Humberside,E234567,33,
2019,Apr to Jun,Beach/Cliff,2019-2020/Q1,Humberside,E234567,12,
2019,Apr to Jun,Mountain,2019-2020/Q1,Humberside,E234567,4,
2019,Apr to Jun,Other,2019-2020/Q1,Humberside,E234567,28,
2019,Apr to Jun,Vessel,2019-2020/Q1,Humberside,E234567,13,
2019,Apr to Jun,Total,2019-2020/Q1,Humberside,E234567,57,
2019,Jul to Sep,Beach/Cliff,2019-2020/Q2,Humberside,E234567,19,
2019,Jul to Sep,Mountain,2019-2020/Q2,Humberside,E234567,3,
2019,Jul to Sep,Other,2019-2020/Q2,Humberside,E234567,23,
2019,Jul to Sep,Vessel,2019-2020/Q2,Humberside,E234567,16,
2019,Jul to Sep,Total,2019-2020/Q2,Humberside,E234567,61,
2019,Oct to Dec,Beach/Cliff,2019-2020/Q3,Humberside,E234567,9,
2019,Oct to Dec,Mountain,2019-2020/Q3,Humberside,E234567,1,
2019,Oct to Dec,Other,2019-2020/Q3,Humberside,E234567,22,
2019,Oct to Dec,Vessel,2019-2020/Q3,Humberside,E234567,4,
2019,Oct to Dec,Total,2019-2020/Q3,Humberside,E234567,36,
2020,Jan to Mar,Beach/Cliff,2020-2021/Q4,Humberside,E234567,10,
2020,Jan to Mar,Mountain,2020-2021/Q4,Humberside,E234567,1,
2020,Jan to Mar,Other,2020-2021/Q4,Humberside,E234567,13,
2020,Jan to Mar,Vessel,2020-2021/Q4,Humberside,E234567,2,
2020,Jan to Mar,Total,2020-2021/Q4,Humberside,E234567,26,
2020,Apr to Jun,Beach/Cliff,2020-2021/Q1,Humberside,E234567,14,
2020,Apr to Jun,Mountain,2020-2021/Q1,Humberside,E234567,1,
2020,Apr to Jun,Other,2020-2021/Q1,Humberside,E234567,17,
2020,Apr to Jun,Vessel,2020-2021/Q1,Humberside,E234567,8,
2020,Apr to Jun,Total,2020-2021/Q1,Humberside,E234567,40,
2020,Jul to Sep,Beach/Cliff,2020-2021/Q2,Humberside,E234567,23,
2020,Jul to Sep,Mountain,2020-2021/Q2,Humberside,E234567,6,
2020,Jul to Sep,Other,2020-2021/Q2,Humberside,E234567,25,
2020,Jul to Sep,Vessel,2020-2021/Q2,Humberside,E234567,14,
2020,Jul to Sep,Total,2020-2021/Q2,Humberside,E234567,68,
2020,Oct to Dec,Beach/Cliff,2020-2021/Q3,Humberside,E234567,13,
2020,Oct to Dec,Mountain,2020-2021/Q3,Humberside,E234567,4,
2020,Oct to Dec,Other,2020-2021/Q3,Humberside,E234567,11,
2020,Oct to Dec,Vessel,2020-2021/Q3,Humberside,E234567,10,
2020,Oct to Dec,Total,2020-2021/Q3,Humberside,E234567,38,
2021,Jan to Mar,Beach/Cliff,2021-2022/Q4,Humberside,E234567,7,
2021,Jan to Mar,Mountain,2021-2022/Q4,Humberside,E234567,1,
2021,Jan to Mar,Other,2021-2022/Q4,Humberside,E234567,19,
2021,Jan to Mar,Vessel,2021-2022/Q4,Humberside,E234567,5,
2021,Jan to Mar,Total,2021-2022/Q4,Humberside,E234567,32,
2021,Apr to Jun,Beach/Cliff,2021-2022/Q1,Humberside,E234567,11,
2021,Apr to Jun,Mountain,2021-2022/Q1,Humberside,E234567,2,
2021,Apr to Jun,Other,2021-2022/Q1,Humberside,E234567,15,
2021,Apr to Jun,Vessel,2021-2022/Q1,Humberside,E234567,12,
2021,Apr to Jun,Total,2021-2022/Q1,Humberside,E234567,40,
2021,Jul to Sep,Beach/Cliff,2021-2022/Q2,Humberside,E234567,20,
2021,Jul to Sep,Mountain,2021-2022/Q2,Humberside,E234567,3,
2021,Jul to Sep,Other,2021-2022/Q2,Humberside,E234567,27,
2021,Jul to Sep,Vessel,2021-2022/Q2,Humberside,E234567,11,
2021,Jul to Sep,Total,2021-2022/Q2,Humberside,E234567,61,
2021,Oct to Dec,Beach/Cliff,2021-2022/Q3,Humberside,E234567,7,
2021,Oct to Dec,Mountain,2021-2022/Q3,Humberside,E234567,6,
2021,Oct to Dec,Other,2021-2022/Q3,Humberside,E234567,28,
2021,Oct to Dec,Vessel,2021-2022/Q3,Humberside,E234567,10,
2021,Oct to Dec,Total,2021-2022/Q3,Humberside,E234567,51,
2022,Jan to Mar,Beach/Cliff,2022-2023/Q4,Humberside,E234567,7,
2022,Jan to Mar,Mountain,2022-2023/Q4,Humberside,E234567,3,
2022,Jan to Mar,Other,2022-2023/Q4,Humberside,E234567,23,
2022,Jan to Mar,Vessel,2022-2023/Q4,Humberside,E234567,11,
2022,Jan to Mar,Total,2022-2023/Q4,Humberside,E234567,44,
2017,Apr to Jun,Beach/Cliff,2017-2018/Q1,Inverness,E345678,7,
2017,Apr to Jun,Mountain,2017-2018/Q1,Inverness,E345678,25,
2017,Apr to Jun,Other,2017-2018/Q1,Inverness,E345678,21,
2017,Apr to Jun,Vessel,2017-2018/Q1,Inverness,E345678,7,
2017,Apr to Jun,Total,2017-2018/Q1,Inverness,E345678,60,
2017,Jul to Sep,Beach/Cliff,2017-2018/Q2,Inverness,E345678,9,
2017,Jul to Sep,Mountain,2017-2018/Q2,Inverness,E345678,37,
2017,Jul to Sep,Other,2017-2018/Q2,Inverness,E345678,28,
2017,Jul to Sep,Vessel,2017-2018/Q2,Inverness,E345678,2,
2017,Jul to Sep,Total,2017-2018/Q2,Inverness,E345678,76,
2017,Oct to Dec,Beach/Cliff,2017-2018/Q3,Inverness,E345678,4,
2017,Oct to Dec,Mountain,2017-2018/Q3,Inverness,E345678,17,
2017,Oct to Dec,Other,2017-2018/Q3,Inverness,E345678,22,
2017,Oct to Dec,Vessel,2017-2018/Q3,Inverness,E345678,2,
2017,Oct to Dec,Total,2017-2018/Q3,Inverness,E345678,45,
2018,Jan to Mar,Beach/Cliff,2018-2019/Q4,Inverness,E345678,6,
2018,Jan to Mar,Mountain,2018-2019/Q4,Inverness,E345678,61,
2018,Jan to Mar,Other,2018-2019/Q4,Inverness,E345678,22,
2018,Jan to Mar,Vessel,2018-2019/Q4,Inverness,E345678,1,
2018,Jan to Mar,Total,2018-2019/Q4,Inverness,E345678,90,
2018,Apr to Jun,Beach/Cliff,2018-2019/Q1,Inverness,E345678,7,
2018,Apr to Jun,Mountain,2018-2019/Q1,Inverness,E345678,39,
2018,Apr to Jun,Other,2018-2019/Q1,Inverness,E345678,30,
2018,Apr to Jun,Vessel,2018-2019/Q1,Inverness,E345678,8,
2018,Apr to Jun,Total,2018-2019/Q1,Inverness,E345678,84,
2018,Jul to Sep,Beach/Cliff,2018-2019/Q2,Inverness,E345678,9,
2018,Jul to Sep,Mountain,2018-2019/Q2,Inverness,E345678,35,
2018,Jul to Sep,Other,2018-2019/Q2,Inverness,E345678,33,
2018,Jul to Sep,Vessel,2018-2019/Q2,Inverness,E345678,6,
2018,Jul to Sep,Total,2018-2019/Q2,Inverness,E345678,83,
2018,Oct to Dec,Beach/Cliff,2018-2019/Q3,Inverness,E345678,4,
2018,Oct to Dec,Mountain,2018-2019/Q3,Inverness,E345678,12,
2018,Oct to Dec,Other,2018-2019/Q3,Inverness,E345678,23,
2018,Oct to Dec,Vessel,2018-2019/Q3,Inverness,E345678,2,
2018,Oct to Dec,Total,2018-2019/Q3,Inverness,E345678,41,
2019,Jan to Mar,Beach/Cliff,2019-2020/Q4,Inverness,E345678,3,
2019,Jan to Mar,Mountain,2019-2020/Q4,Inverness,E345678,17,
2019,Jan to Mar,Other,2019-2020/Q4,Inverness,E345678,25,
2019,Jan to Mar,Vessel,2019-2020/Q4,Inverness,E345678,1,
2019,Jan to Mar,Total,2019-2020/Q4,Inverness,E345678,46,
2019,Apr to Jun,Beach/Cliff,2019-2020/Q1,Inverness,E345678,4,
2019,Apr to Jun,Mountain,2019-2020/Q1,Inverness,E345678,40,
2019,Apr to Jun,Other,2019-2020/Q1,Inverness,E345678,28,
2019,Apr to Jun,Vessel,2019-2020/Q1,Inverness,E345678,5,
2019,Apr to Jun,Total,2019-2020/Q1,Inverness,E345678,77,
2019,Jul to Sep,Beach/Cliff,2019-2020/Q2,Inverness,E345678,14,
2019,Jul to Sep,Mountain,2019-2020/Q2,Inverness,E345678,33,
2019,Jul to Sep,Other,2019-2020/Q2,Inverness,E345678,30,
2019,Jul to Sep,Vessel,2019-2020/Q2,Inverness,E345678,6,
2019,Jul to Sep,Total,2019-2020/Q2,Inverness,E345678,83,
2019,Oct to Dec,Beach/Cliff,2019-2020/Q3,Inverness,E345678,3,
2019,Oct to Dec,Mountain,2019-2020/Q3,Inverness,E345678,20,
2019,Oct to Dec,Other,2019-2020/Q3,Inverness,E345678,23,
2019,Oct to Dec,Vessel,2019-2020/Q3,Inverness,E345678,4,
2019,Oct to Dec,Total,2019-2020/Q3,Inverness,E345678,50,
2020,Jan to Mar,Beach/Cliff,2020-2021/Q4,Inverness,E345678,3,
2020,Jan to Mar,Mountain,2020-2021/Q4,Inverness,E345678,29,
2020,Jan to Mar,Other,2020-2021/Q4,Inverness,E345678,22,
2020,Jan to Mar,Vessel,2020-2021/Q4,Inverness,E345678,9,
2020,Jan to Mar,Total,2020-2021/Q4,Inverness,E345678,63,
2020,Apr to Jun,Beach/Cliff,2020-2021/Q1,Inverness,E345678,6,
2020,Apr to Jun,Mountain,2020-2021/Q1,Inverness,E345678,4,
2020,Apr to Jun,Other,2020-2021/Q1,Inverness,E345678,8,
2020,Apr to Jun,Vessel,2020-2021/Q1,Inverness,E345678,4,
2020,Apr to Jun,Total,2020-2021/Q1,Inverness,E345678,22,
2020,Jul to Sep,Beach/Cliff,2020-2021/Q2,Inverness,E345678,12,
2020,Jul to Sep,Mountain,2020-2021/Q2,Inverness,E345678,39,
2020,Jul to Sep,Other,2020-2021/Q2,Inverness,E345678,37,
2020,Jul to Sep,Vessel,2020-2021/Q2,Inverness,E345678,11,
2020,Jul to Sep,Total,2020-2021/Q2,Inverness,E345678,99,
2020,Oct to Dec,Beach/Cliff,2020-2021/Q3,Inverness,E345678,4,
2020,Oct to Dec,Mountain,2020-2021/Q3,Inverness,E345678,20,
2020,Oct to Dec,Other,2020-2021/Q3,Inverness,E345678,17,
2020,Oct to Dec,Vessel,2020-2021/Q3,Inverness,E345678,7,
2020,Oct to Dec,Total,2020-2021/Q3,Inverness,E345678,48,
2021,Jan to Mar,Beach/Cliff,2021-2022/Q4,Inverness,E345678,3,
2021,Jan to Mar,Mountain,2021-2022/Q4,Inverness,E345678,11,
2021,Jan to Mar,Other,2021-2022/Q4,Inverness,E345678,20,
2021,Jan to Mar,Vessel,2021-2022/Q4,Inverness,E345678,4,
2021,Jan to Mar,Total,2021-2022/Q4,Inverness,E345678,38,
2021,Apr to Jun,Beach/Cliff,2021-2022/Q1,Inverness,E345678,9,
2021,Apr to Jun,Mountain,2021-2022/Q1,Inverness,E345678,35,
2021,Apr to Jun,Other,2021-2022/Q1,Inverness,E345678,37,
2021,Apr to Jun,Vessel,2021-2022/Q1,Inverness,E345678,5,
2021,Apr to Jun,Total,2021-2022/Q1,Inverness,E345678,86,
2021,Jul to Sep,Beach/Cliff,2021-2022/Q2,Inverness,E345678,21,
2021,Jul to Sep,Mountain,2021-2022/Q2,Inverness,E345678,74,
2021,Jul to Sep,Other,2021-2022/Q2,Inverness,E345678,38,
2021,Jul to Sep,Vessel,2021-2022/Q2,Inverness,E345678,2,
2021,Jul to Sep,Total,2021-2022/Q2,Inverness,E345678,135,
2021,Oct to Dec,Beach/Cliff,2021-2022/Q3,Inverness,E345678,10,
2021,Oct to Dec,Mountain,2021-2022/Q3,Inverness,E345678,20,
2021,Oct to Dec,Other,2021-2022/Q3,Inverness,E345678,26,
2021,Oct to Dec,Vessel,2021-2022/Q3,Inverness,E345678,5,
2021,Oct to Dec,Total,2021-2022/Q3,Inverness,E345678,61,
2022,Jan to Mar,Beach/Cliff,2022-2023/Q4,Inverness,E345678,7,
2022,Jan to Mar,Mountain,2022-2023/Q4,Inverness,E345678,36,
2022,Jan to Mar,Other,2022-2023/Q4,Inverness,E345678,38,
2022,Jan to Mar,Vessel,2022-2023/Q4,Inverness,E345678,3,
2022,Jan to Mar,Total,2022-2023/Q4,Inverness,E345678,84,
2017,Apr to Jun,Beach/Cliff,2017-2018/Q1,Lee On Solent,E456789,9,
2017,Apr to Jun,Mountain,2017-2018/Q1,Lee On Solent,E456789,0,
2017,Apr to Jun,Other,2017-2018/Q1,Lee On Solent,E456789,24,
2017,Apr to Jun,Vessel,2017-2018/Q1,Lee On Solent,E456789,18,
2017,Apr to Jun,Total,2017-2018/Q1,Lee On Solent,E456789,51,
2017,Jul to Sep,Beach/Cliff,2017-2018/Q2,Lee On Solent,E456789,26,
2017,Jul to Sep,Mountain,2017-2018/Q2,Lee On Solent,E456789,0,
2017,Jul to Sep,Other,2017-2018/Q2,Lee On Solent,E456789,52,
2017,Jul to Sep,Vessel,2017-2018/Q2,Lee On Solent,E456789,26,
2017,Jul to Sep,Total,2017-2018/Q2,Lee On Solent,E456789,104,
2017,Oct to Dec,Beach/Cliff,2017-2018/Q3,Lee On Solent,E456789,16,
2017,Oct to Dec,Mountain,2017-2018/Q3,Lee On Solent,E456789,0,
2017,Oct to Dec,Other,2017-2018/Q3,Lee On Solent,E456789,41,
2017,Oct to Dec,Vessel,2017-2018/Q3,Lee On Solent,E456789,9,
2017,Oct to Dec,Total,2017-2018/Q3,Lee On Solent,E456789,66,
2018,Jan to Mar,Beach/Cliff,2018-2019/Q4,Lee On Solent,E456789,11,
2018,Jan to Mar,Mountain,2018-2019/Q4,Lee On Solent,E456789,0,
2018,Jan to Mar,Other,2018-2019/Q4,Lee On Solent,E456789,47,
2018,Jan to Mar,Vessel,2018-2019/Q4,Lee On Solent,E456789,5,
2018,Jan to Mar,Total,2018-2019/Q4,Lee On Solent,E456789,63,
2018,Apr to Jun,Beach/Cliff,2018-2019/Q1,Lee On Solent,E456789,13,
2018,Apr to Jun,Mountain,2018-2019/Q1,Lee On Solent,E456789,0,
2018,Apr to Jun,Other,2018-2019/Q1,Lee On Solent,E456789,40,
2018,Apr to Jun,Vessel,2018-2019/Q1,Lee On Solent,E456789,21,
2018,Apr to Jun,Total,2018-2019/Q1,Lee On Solent,E456789,74,
2018,Jul to Sep,Beach/Cliff,2018-2019/Q2,Lee On Solent,E456789,26,
2018,Jul to Sep,Mountain,2018-2019/Q2,Lee On Solent,E456789,0,
2018,Jul to Sep,Other,2018-2019/Q2,Lee On Solent,E456789,44,
2018,Jul to Sep,Vessel,2018-2019/Q2,Lee On Solent,E456789,19,
2018,Jul to Sep,Total,2018-2019/Q2,Lee On Solent,E456789,89,
2018,Oct to Dec,Beach/Cliff,2018-2019/Q3,Lee On Solent,E456789,16,
2018,Oct to Dec,Mountain,2018-2019/Q3,Lee On Solent,E456789,0,
2018,Oct to Dec,Other,2018-2019/Q3,Lee On Solent,E456789,52,
2018,Oct to Dec,Vessel,2018-2019/Q3,Lee On Solent,E456789,7,
2018,Oct to Dec,Total,2018-2019/Q3,Lee On Solent,E456789,75,
2019,Jan to Mar,Beach/Cliff,2019-2020/Q4,Lee On Solent,E456789,11,
2019,Jan to Mar,Mountain,2019-2020/Q4,Lee On Solent,E456789,0,
2019,Jan to Mar,Other,2019-2020/Q4,Lee On Solent,E456789,41,
2019,Jan to Mar,Vessel,2019-2020/Q4,Lee On Solent,E456789,6,
2019,Jan to Mar,Total,2019-2020/Q4,Lee On Solent,E456789,58,
2019,Apr to Jun,Beach/Cliff,2019-2020/Q1,Lee On Solent,E456789,14,
2019,Apr to Jun,Mountain,2019-2020/Q1,Lee On Solent,E456789,0,
2019,Apr to Jun,Other,2019-2020/Q1,Lee On Solent,E456789,33,
2019,Apr to Jun,Vessel,2019-2020/Q1,Lee On Solent,E456789,10,
2019,Apr to Jun,Total,2019-2020/Q1,Lee On Solent,E456789,57,
2019,Jul to Sep,Beach/Cliff,2019-2020/Q2,Lee On Solent,E456789,17,
2019,Jul to Sep,Mountain,2019-2020/Q2,Lee On Solent,E456789,0,
2019,Jul to Sep,Other,2019-2020/Q2,Lee On Solent,E456789,30,
2019,Jul to Sep,Vessel,2019-2020/Q2,Lee On Solent,E456789,19,
2019,Jul to Sep,Total,2019-2020/Q2,Lee On Solent,E456789,66,
2019,Oct to Dec,Beach/Cliff,2019-2020/Q3,Lee On Solent,E456789,3,
2019,Oct to Dec,Mountain,2019-2020/Q3,Lee On Solent,E456789,0,
2019,Oct to Dec,Other,2019-2020/Q3,Lee On Solent,E456789,49,
2019,Oct to Dec,Vessel,2019-2020/Q3,Lee On Solent,E456789,8,
2019,Oct to Dec,Total,2019-2020/Q3,Lee On Solent,E456789,60,
2020,Jan to Mar,Beach/Cliff,2020-2021/Q4,Lee On Solent,E456789,12,
2020,Jan to Mar,Mountain,2020-2021/Q4,Lee On Solent,E456789,0,
2020,Jan to Mar,Other,2020-2021/Q4,Lee On Solent,E456789,44,
2020,Jan to Mar,Vessel,2020-2021/Q4,Lee On Solent,E456789,5,
2020,Jan to Mar,Total,2020-2021/Q4,Lee On Solent,E456789,61,
2020,Apr to Jun,Beach/Cliff,2020-2021/Q1,Lee On Solent,E456789,25,
2020,Apr to Jun,Mountain,2020-2021/Q1,Lee On Solent,E456789,0,
2020,Apr to Jun,Other,2020-2021/Q1,Lee On Solent,E456789,34,
2020,Apr to Jun,Vessel,2020-2021/Q1,Lee On Solent,E456789,13,
2020,Apr to Jun,Total,2020-2021/Q1,Lee On Solent,E456789,72,
2020,Jul to Sep,Beach/Cliff,2020-2021/Q2,Lee On Solent,E456789,36,
2020,Jul to Sep,Mountain,2020-2021/Q2,Lee On Solent,E456789,1,
2020,Jul to Sep,Other,2020-2021/Q2,Lee On Solent,E456789,41,
2020,Jul to Sep,Vessel,2020-2021/Q2,Lee On Solent,E456789,15,
2020,Jul to Sep,Total,2020-2021/Q2,Lee On Solent,E456789,93,
2020,Oct to Dec,Beach/Cliff,2020-2021/Q3,Lee On Solent,E456789,11,
2020,Oct to Dec,Mountain,2020-2021/Q3,Lee On Solent,E456789,0,
2020,Oct to Dec,Other,2020-2021/Q3,Lee On Solent,E456789,28,
2020,Oct to Dec,Vessel,2020-2021/Q3,Lee On Solent,E456789,11,
2020,Oct to Dec,Total,2020-2021/Q3,Lee On Solent,E456789,50,
2021,Jan to Mar,Beach/Cliff,2021-2022/Q4,Lee On Solent,E456789,9,
2021,Jan to Mar,Mountain,2021-2022/Q4,Lee On Solent,E456789,0,
2021,Jan to Mar,Other,2021-2022/Q4,Lee On Solent,E456789,27,
2021,Jan to Mar,Vessel,2021-2022/Q4,Lee On Solent,E456789,1,
2021,Jan to Mar,Total,2021-2022/Q4,Lee On Solent,E456789,37,
2021,Apr to Jun,Beach/Cliff,2021-2022/Q1,Lee On Solent,E456789,24,
2021,Apr to Jun,Mountain,2021-2022/Q1,Lee On Solent,E456789,0,
2021,Apr to Jun,Other,2021-2022/Q1,Lee On Solent,E456789,30,
2021,Apr to Jun,Vessel,2021-2022/Q1,Lee On Solent,E456789,13,
2021,Apr to Jun,Total,2021-2022/Q1,Lee On Solent,E456789,67,
2021,Jul to Sep,Beach/Cliff,2021-2022/Q2,Lee On Solent,E456789,34,
2021,Jul to Sep,Mountain,2021-2022/Q2,Lee On Solent,E456789,0,
2021,Jul to Sep,Other,2021-2022/Q2,Lee On Solent,E456789,31,
2021,Jul to Sep,Vessel,2021-2022/Q2,Lee On Solent,E456789,24,
2021,Jul to Sep,Total,2021-2022/Q2,Lee On Solent,E456789,89,
2021,Oct to Dec,Beach/Cliff,2021-2022/Q3,Lee On Solent,E456789,14,
2021,Oct to Dec,Mountain,2021-2022/Q3,Lee On Solent,E456789,0,
2021,Oct to Dec,Other,2021-2022/Q3,Lee On Solent,E456789,40,
2021,Oct to Dec,Vessel,2021-2022/Q3,Lee On Solent,E456789,6,
2021,Oct to Dec,Total,2021-2022/Q3,Lee On Solent,E456789,60,
2022,Jan to Mar,Beach/Cliff,2022-2023/Q4,Lee On Solent,E456789,16,
2022,Jan to Mar,Mountain,2022-2023/Q4,Lee On Solent,E456789,0,
2022,Jan to Mar,Other,2022-2023/Q4,Lee On Solent,E456789,25,
2022,Jan to Mar,Vessel,2022-2023/Q4,Lee On Solent,E456789,3,
2022,Jan to Mar,Total,2022-2023/Q4,Lee On Solent,E456789,44,
2017,Apr to Jun,Beach/Cliff,2017-2018/Q1,Lydd,E567890,24,
2017,Apr to Jun,Mountain,2017-2018/Q1,Lydd,E567890,1,
2017,Apr to Jun,Other,2017-2018/Q1,Lydd,E567890,12,
2017,Apr to Jun,Vessel,2017-2018/Q1,Lydd,E567890,13,
2017,Apr to Jun,Total,2017-2018/Q1,Lydd,E567890,50,
2017,Jul to Sep,Beach/Cliff,2017-2018/Q2,Lydd,E567890,21,
2017,Jul to Sep,Mountain,2017-2018/Q2,Lydd,E567890,0,
2017,Jul to Sep,Other,2017-2018/Q2,Lydd,E567890,24,
2017,Jul to Sep,Vessel,2017-2018/Q2,Lydd,E567890,14,
2017,Jul to Sep,Total,2017-2018/Q2,Lydd,E567890,59,
2017,Oct to Dec,Beach/Cliff,2017-2018/Q3,Lydd,E567890,24,
2017,Oct to Dec,Mountain,2017-2018/Q3,Lydd,E567890,0,
2017,Oct to Dec,Other,2017-2018/Q3,Lydd,E567890,13,
2017,Oct to Dec,Vessel,2017-2018/Q3,Lydd,E567890,7,
2017,Oct to Dec,Total,2017-2018/Q3,Lydd,E567890,44,
2018,Jan to Mar,Beach/Cliff,2018-2019/Q4,Lydd,E567890,12,
2018,Jan to Mar,Mountain,2018-2019/Q4,Lydd,E567890,0,
2018,Jan to Mar,Other,2018-2019/Q4,Lydd,E567890,17,
2018,Jan to Mar,Vessel,2018-2019/Q4,Lydd,E567890,6,
2018,Jan to Mar,Total,2018-2019/Q4,Lydd,E567890,35,
2018,Apr to Jun,Beach/Cliff,2018-2019/Q1,Lydd,E567890,25,
2018,Apr to Jun,Mountain,2018-2019/Q1,Lydd,E567890,0,
2018,Apr to Jun,Other,2018-2019/Q1,Lydd,E567890,15,
2018,Apr to Jun,Vessel,2018-2019/Q1,Lydd,E567890,7,
2018,Apr to Jun,Total,2018-2019/Q1,Lydd,E567890,47,
2018,Jul to Sep,Beach/Cliff,2018-2019/Q2,Lydd,E567890,38,
2018,Jul to Sep,Mountain,2018-2019/Q2,Lydd,E567890,0,
2018,Jul to Sep,Other,2018-2019/Q2,Lydd,E567890,27,
2018,Jul to Sep,Vessel,2018-2019/Q2,Lydd,E567890,13,
2018,Jul to Sep,Total,2018-2019/Q2,Lydd,E567890,78,
2018,Oct to Dec,Beach/Cliff,2018-2019/Q3,Lydd,E567890,26,
2018,Oct to Dec,Mountain,2018-2019/Q3,Lydd,E567890,0,
2018,Oct to Dec,Other,2018-2019/Q3,Lydd,E567890,18,
2018,Oct to Dec,Vessel,2018-2019/Q3,Lydd,E567890,13,
2018,Oct to Dec,Total,2018-2019/Q3,Lydd,E567890,57,
2019,Jan to Mar,Beach/Cliff,2019-2020/Q4,Lydd,E567890,17,
2019,Jan to Mar,Mountain,2019-2020/Q4,Lydd,E567890,0,
2019,Jan to Mar,Other,2019-2020/Q4,Lydd,E567890,11,
2019,Jan to Mar,Vessel,2019-2020/Q4,Lydd,E567890,4,
2019,Jan to Mar,Total,2019-2020/Q4,Lydd,E567890,32,
2019,Apr to Jun,Beach/Cliff,2019-2020/Q1,Lydd,E567890,23,
2019,Apr to Jun,Mountain,2019-2020/Q1,Lydd,E567890,1,
2019,Apr to Jun,Other,2019-2020/Q1,Lydd,E567890,12,
2019,Apr to Jun,Vessel,2019-2020/Q1,Lydd,E567890,10,
2019,Apr to Jun,Total,2019-2020/Q1,Lydd,E567890,46,
2019,Jul to Sep,Beach/Cliff,2019-2020/Q2,Lydd,E567890,32,
2019,Jul to Sep,Mountain,2019-2020/Q2,Lydd,E567890,0,
2019,Jul to Sep,Other,2019-2020/Q2,Lydd,E567890,16,
2019,Jul to Sep,Vessel,2019-2020/Q2,Lydd,E567890,22,
2019,Jul to Sep,Total,2019-2020/Q2,Lydd,E567890,70,
2019,Oct to Dec,Beach/Cliff,2019-2020/Q3,Lydd,E567890,15,
2019,Oct to Dec,Mountain,2019-2020/Q3,Lydd,E567890,0,
2019,Oct to Dec,Other,2019-2020/Q3,Lydd,E567890,22,
2019,Oct to Dec,Vessel,2019-2020/Q3,Lydd,E567890,4,
2019,Oct to Dec,Total,2019-2020/Q3,Lydd,E567890,41,
2020,Jan to Mar,Beach/Cliff,2020-2021/Q4,Lydd,E567890,27,
2020,Jan to Mar,Mountain,2020-2021/Q4,Lydd,E567890,0,
2020,Jan to Mar,Other,2020-2021/Q4,Lydd,E567890,11,
2020,Jan to Mar,Vessel,2020-2021/Q4,Lydd,E567890,9,
2020,Jan to Mar,Total,2020-2021/Q4,Lydd,E567890,47,
2020,Apr to Jun,Beach/Cliff,2020-2021/Q1,Lydd,E567890,40,
2020,Apr to Jun,Mountain,2020-2021/Q1,Lydd,E567890,0,
2020,Apr to Jun,Other,2020-2021/Q1,Lydd,E567890,17,
2020,Apr to Jun,Vessel,2020-2021/Q1,Lydd,E567890,17,
2020,Apr to Jun,Total,2020-2021/Q1,Lydd,E567890,74,
2020,Jul to Sep,Beach/Cliff,2020-2021/Q2,Lydd,E567890,45,
2020,Jul to Sep,Mountain,2020-2021/Q2,Lydd,E567890,0,
2020,Jul to Sep,Other,2020-2021/Q2,Lydd,E567890,21,
2020,Jul to Sep,Vessel,2020-2021/Q2,Lydd,E567890,8,
2020,Jul to Sep,Total,2020-2021/Q2,Lydd,E567890,74,
2020,Oct to Dec,Beach/Cliff,2020-2021/Q3,Lydd,E567890,15,
2020,Oct to Dec,Mountain,2020-2021/Q3,Lydd,E567890,0,
2020,Oct to Dec,Other,2020-2021/Q3,Lydd,E567890,15,
2020,Oct to Dec,Vessel,2020-2021/Q3,Lydd,E567890,8,
2020,Oct to Dec,Total,2020-2021/Q3,Lydd,E567890,38,
2021,Jan to Mar,Beach/Cliff,2021-2022/Q4,Lydd,E567890,12,
2021,Jan to Mar,Mountain,2021-2022/Q4,Lydd,E567890,0,
2021,Jan to Mar,Other,2021-2022/Q4,Lydd,E567890,19,
2021,Jan to Mar,Vessel,2021-2022/Q4,Lydd,E567890,3,
2021,Jan to Mar,Total,2021-2022/Q4,Lydd,E567890,34,
2021,Apr to Jun,Beach/Cliff,2021-2022/Q1,Lydd,E567890,30,
2021,Apr to Jun,Mountain,2021-2022/Q1,Lydd,E567890,0,
2021,Apr to Jun,Other,2021-2022/Q1,Lydd,E567890,16,
2021,Apr to Jun,Vessel,2021-2022/Q1,Lydd,E567890,8,
2021,Apr to Jun,Total,2021-2022/Q1,Lydd,E567890,54,
2021,Jul to Sep,Beach/Cliff,2021-2022/Q2,Lydd,E567890,50,
2021,Jul to Sep,Mountain,2021-2022/Q2,Lydd,E567890,0,
2021,Jul to Sep,Other,2021-2022/Q2,Lydd,E567890,32,
2021,Jul to Sep,Vessel,2021-2022/Q2,Lydd,E567890,16,
2021,Jul to Sep,Total,2021-2022/Q2,Lydd,E567890,98,
2021,Oct to Dec,Beach/Cliff,2021-2022/Q3,Lydd,E567890,17,
2021,Oct to Dec,Mountain,2021-2022/Q3,Lydd,E567890,0,
2021,Oct to Dec,Other,2021-2022/Q3,Lydd,E567890,31,
2021,Oct to Dec,Vessel,2021-2022/Q3,Lydd,E567890,12,
2021,Oct to Dec,Total,2021-2022/Q3,Lydd,E567890,60,
2022,Jan to Mar,Beach/Cliff,2022-2023/Q4,Lydd,E567890,16,
2022,Jan to Mar,Mountain,2022-2023/Q4,Lydd,E567890,0,
2022,Jan to Mar,Other,2022-2023/Q4,Lydd,E567890,21,
2022,Jan to Mar,Vessel,2022-2023/Q4,Lydd,E567890,3,
2022,Jan to Mar,Total,2022-2023/Q4,Lydd,E567890,40,
2017,Apr to Jun,Beach/Cliff,2017-2018/Q1,Newquay,E678901,21,
2017,Apr to Jun,Mountain,2017-2018/Q1,Newquay,E678901,0,
2017,Apr to Jun,Other,2017-2018/Q1,Newquay,E678901,58,
2017,Apr to Jun,Vessel,2017-2018/Q1,Newquay,E678901,13,
2017,Apr to Jun,Total,2017-2018/Q1,Newquay,E678901,92,
2017,Jul to Sep,Beach/Cliff,2017-2018/Q2,Newquay,E678901,46,
2017,Jul to Sep,Mountain,2017-2018/Q2,Newquay,E678901,0,
2017,Jul to Sep,Other,2017-2018/Q2,Newquay,E678901,72,
2017,Jul to Sep,Vessel,2017-2018/Q2,Newquay,E678901,17,
2017,Jul to Sep,Total,2017-2018/Q2,Newquay,E678901,135,
2017,Oct to Dec,Beach/Cliff,2017-2018/Q3,Newquay,E678901,15,
2017,Oct to Dec,Mountain,2017-2018/Q3,Newquay,E678901,0,
2017,Oct to Dec,Other,2017-2018/Q3,Newquay,E678901,34,
2017,Oct to Dec,Vessel,2017-2018/Q3,Newquay,E678901,11,
2017,Oct to Dec,Total,2017-2018/Q3,Newquay,E678901,60,
2018,Jan to Mar,Beach/Cliff,2018-2019/Q4,Newquay,E678901,13,
2018,Jan to Mar,Mountain,2018-2019/Q4,Newquay,E678901,0,
2018,Jan to Mar,Other,2018-2019/Q4,Newquay,E678901,48,
2018,Jan to Mar,Vessel,2018-2019/Q4,Newquay,E678901,11,
2018,Jan to Mar,Total,2018-2019/Q4,Newquay,E678901,72,
2018,Apr to Jun,Beach/Cliff,2018-2019/Q1,Newquay,E678901,25,
2018,Apr to Jun,Mountain,2018-2019/Q1,Newquay,E678901,2,
2018,Apr to Jun,Other,2018-2019/Q1,Newquay,E678901,61,
2018,Apr to Jun,Vessel,2018-2019/Q1,Newquay,E678901,16,
2018,Apr to Jun,Total,2018-2019/Q1,Newquay,E678901,104,
2018,Jul to Sep,Beach/Cliff,2018-2019/Q2,Newquay,E678901,20,
2018,Jul to Sep,Mountain,2018-2019/Q2,Newquay,E678901,0,
2018,Jul to Sep,Other,2018-2019/Q2,Newquay,E678901,77,
2018,Jul to Sep,Vessel,2018-2019/Q2,Newquay,E678901,14,
2018,Jul to Sep,Total,2018-2019/Q2,Newquay,E678901,111,
2018,Oct to Dec,Beach/Cliff,2018-2019/Q3,Newquay,E678901,11,
2018,Oct to Dec,Mountain,2018-2019/Q3,Newquay,E678901,0,
2018,Oct to Dec,Other,2018-2019/Q3,Newquay,E678901,42,
2018,Oct to Dec,Vessel,2018-2019/Q3,Newquay,E678901,9,
2018,Oct to Dec,Total,2018-2019/Q3,Newquay,E678901,62,
2019,Jan to Mar,Beach/Cliff,2019-2020/Q4,Newquay,E678901,14,
2019,Jan to Mar,Mountain,2019-2020/Q4,Newquay,E678901,0,
2019,Jan to Mar,Other,2019-2020/Q4,Newquay,E678901,42,
2019,Jan to Mar,Vessel,2019-2020/Q4,Newquay,E678901,8,
2019,Jan to Mar,Total,2019-2020/Q4,Newquay,E678901,64,
2019,Apr to Jun,Beach/Cliff,2019-2020/Q1,Newquay,E678901,30,
2019,Apr to Jun,Mountain,2019-2020/Q1,Newquay,E678901,0,
2019,Apr to Jun,Other,2019-2020/Q1,Newquay,E678901,49,
2019,Apr to Jun,Vessel,2019-2020/Q1,Newquay,E678901,20,
2019,Apr to Jun,Total,2019-2020/Q1,Newquay,E678901,99,
2019,Jul to Sep,Beach/Cliff,2019-2020/Q2,Newquay,E678901,27,
2019,Jul to Sep,Mountain,2019-2020/Q2,Newquay,E678901,0,
2019,Jul to Sep,Other,2019-2020/Q2,Newquay,E678901,54,
2019,Jul to Sep,Vessel,2019-2020/Q2,Newquay,E678901,17,
2019,Jul to Sep,Total,2019-2020/Q2,Newquay,E678901,98,
2019,Oct to Dec,Beach/Cliff,2019-2020/Q3,Newquay,E678901,12,
2019,Oct to Dec,Mountain,2019-2020/Q3,Newquay,E678901,0,
2019,Oct to Dec,Other,2019-2020/Q3,Newquay,E678901,43,
2019,Oct to Dec,Vessel,2019-2020/Q3,Newquay,E678901,8,
2019,Oct to Dec,Total,2019-2020/Q3,Newquay,E678901,63,
2020,Jan to Mar,Beach/Cliff,2020-2021/Q4,Newquay,E678901,10,
2020,Jan to Mar,Mountain,2020-2021/Q4,Newquay,E678901,0,
2020,Jan to Mar,Other,2020-2021/Q4,Newquay,E678901,23,
2020,Jan to Mar,Vessel,2020-2021/Q4,Newquay,E678901,5,
2020,Jan to Mar,Total,2020-2021/Q4,Newquay,E678901,38,
2020,Apr to Jun,Beach/Cliff,2020-2021/Q1,Newquay,E678901,30,
2020,Apr to Jun,Mountain,2020-2021/Q1,Newquay,E678901,0,
2020,Apr to Jun,Other,2020-2021/Q1,Newquay,E678901,32,
2020,Apr to Jun,Vessel,2020-2021/Q1,Newquay,E678901,7,
2020,Apr to Jun,Total,2020-2021/Q1,Newquay,E678901,69,
2020,Jul to Sep,Beach/Cliff,2020-2021/Q2,Newquay,E678901,38,
2020,Jul to Sep,Mountain,2020-2021/Q2,Newquay,E678901,0,
2020,Jul to Sep,Other,2020-2021/Q2,Newquay,E678901,41,
2020,Jul to Sep,Vessel,2020-2021/Q2,Newquay,E678901,8,
2020,Jul to Sep,Total,2020-2021/Q2,Newquay,E678901,87,
2020,Oct to Dec,Beach/Cliff,2020-2021/Q3,Newquay,E678901,17,
2020,Oct to Dec,Mountain,2020-2021/Q3,Newquay,E678901,0,
2020,Oct to Dec,Other,2020-2021/Q3,Newquay,E678901,31,
2020,Oct to Dec,Vessel,2020-2021/Q3,Newquay,E678901,5,
2020,Oct to Dec,Total,2020-2021/Q3,Newquay,E678901,53,
2021,Jan to Mar,Beach/Cliff,2021-2022/Q4,Newquay,E678901,12,
2021,Jan to Mar,Mountain,2021-2022/Q4,Newquay,E678901,1,
2021,Jan to Mar,Other,2021-2022/Q4,Newquay,E678901,28,
2021,Jan to Mar,Vessel,2021-2022/Q4,Newquay,E678901,5,
2021,Jan to Mar,Total,2021-2022/Q4,Newquay,E678901,46,
2021,Apr to Jun,Beach/Cliff,2021-2022/Q1,Newquay,E678901,22,
2021,Apr to Jun,Mountain,2021-2022/Q1,Newquay,E678901,1,
2021,Apr to Jun,Other,2021-2022/Q1,Newquay,E678901,32,
2021,Apr to Jun,Vessel,2021-2022/Q1,Newquay,E678901,14,
2021,Apr to Jun,Total,2021-2022/Q1,Newquay,E678901,69,
2021,Jul to Sep,Beach/Cliff,2021-2022/Q2,Newquay,E678901,36,
2021,Jul to Sep,Mountain,2021-2022/Q2,Newquay,E678901,1,
2021,Jul to Sep,Other,2021-2022/Q2,Newquay,E678901,44,
2021,Jul to Sep,Vessel,2021-2022/Q2,Newquay,E678901,23,
2021,Jul to Sep,Total,2021-2022/Q2,Newquay,E678901,104,
2021,Oct to Dec,Beach/Cliff,2021-2022/Q3,Newquay,E678901,16,
2021,Oct to Dec,Mountain,2021-2022/Q3,Newquay,E678901,0,
2021,Oct to Dec,Other,2021-2022/Q3,Newquay,E678901,42,
2021,Oct to Dec,Vessel,2021-2022/Q3,Newquay,E678901,6,
2021,Oct to Dec,Total,2021-2022/Q3,Newquay,E678901,64,
2022,Jan to Mar,Beach/Cliff,2022-2023/Q4,Newquay,E678901,15,
2022,Jan to Mar,Mountain,2022-2023/Q4,Newquay,E678901,0,
2022,Jan to Mar,Other,2022-2023/Q4,Newquay,E678901,36,
2022,Jan to Mar,Vessel,2022-2023/Q4,Newquay,E678901,6,
2022,Jan to Mar,Total,2022-2023/Q4,Newquay,E678901,57,
2017,Apr to Jun,Beach/Cliff,2017-2018/Q1,Portland,E789012,12,
2017,Apr to Jun,Mountain,2017-2018/Q1,Portland,E789012,1,
2017,Apr to Jun,Other,2017-2018/Q1,Portland,E789012,12,
2017,Apr to Jun,Vessel,2017-2018/Q1,Portland,E789012,5,
2017,Apr to Jun,Total,2017-2018/Q1,Portland,E789012,30,
2017,Jul to Sep,Beach/Cliff,2017-2018/Q2,Portland,E789012,,x
2017,Jul to Sep,Mountain,2017-2018/Q2,Portland,E789012,,x
2017,Jul to Sep,Other,2017-2018/Q2,Portland,E789012,,x
2017,Jul to Sep,Vessel,2017-2018/Q2,Portland,E789012,,x
2017,Jul to Sep,Total,2017-2018/Q2,Portland,E789012,,x
2017,Oct to Dec,Beach/Cliff,2017-2018/Q3,Portland,E789012,,x
2017,Oct to Dec,Mountain,2017-2018/Q3,Portland,E789012,,x
2017,Oct to Dec,Other,2017-2018/Q3,Portland,E789012,,x
2017,Oct to Dec,Vessel,2017-2018/Q3,Portland,E789012,,x
2017,Oct to Dec,Total,2017-2018/Q3,Portland,E789012,,x
2018,Jan to Mar,Beach/Cliff,2018-2019/Q4,Portland,E789012,,x
2018,Jan to Mar,Mountain,2018-2019/Q4,Portland,E789012,,x
2018,Jan to Mar,Other,2018-2019/Q4,Portland,E789012,,x
2018,Jan to Mar,Vessel,2018-2019/Q4,Portland,E789012,,x
2018,Jan to Mar,Total,2018-2019/Q4,Portland,E789012,,x
2018,Apr to Jun,Beach/Cliff,2018-2019/Q1,Portland,E789012,,x
2018,Apr to Jun,Mountain,2018-2019/Q1,Portland,E789012,,x
2018,Apr to Jun,Other,2018-2019/Q1,Portland,E789012,,x
2018,Apr to Jun,Vessel,2018-2019/Q1,Portland,E789012,,x
2018,Apr to Jun,Total,2018-2019/Q1,Portland,E789012,,x
2018,Jul to Sep,Beach/Cliff,2018-2019/Q2,Portland,E789012,,x
2018,Jul to Sep,Mountain,2018-2019/Q2,Portland,E789012,,x
2018,Jul to Sep,Other,2018-2019/Q2,Portland,E789012,,x
2018,Jul to Sep,Vessel,2018-2019/Q2,Portland,E789012,,x
2018,Jul to Sep,Total,2018-2019/Q2,Portland,E789012,,x
2018,Oct to Dec,Beach/Cliff,2018-2019/Q3,Portland,E789012,,x
2018,Oct to Dec,Mountain,2018-2019/Q3,Portland,E789012,,x
2018,Oct to Dec,Other,2018-2019/Q3,Portland,E789012,,x
2018,Oct to Dec,Vessel,2018-2019/Q3,Portland,E789012,,x
2018,Oct to Dec,Total,2018-2019/Q3,Portland,E789012,,x
2019,Jan to Mar,Beach/Cliff,2019-2020/Q4,Portland,E789012,,x
2019,Jan to Mar,Mountain,2019-2020/Q4,Portland,E789012,,x
2019,Jan to Mar,Other,2019-2020/Q4,Portland,E789012,,x
2019,Jan to Mar,Vessel,2019-2020/Q4,Portland,E789012,,x
2019,Jan to Mar,Total,2019-2020/Q4,Portland,E789012,,x
2019,Apr to Jun,Beach/Cliff,2019-2020/Q1,Portland,E789012,,x
2019,Apr to Jun,Mountain,2019-2020/Q1,Portland,E789012,,x
2019,Apr to Jun,Other,2019-2020/Q1,Portland,E789012,,x
2019,Apr to Jun,Vessel,2019-2020/Q1,Portland,E789012,,x
2019,Apr to Jun,Total,2019-2020/Q1,Portland,E789012,,x
2019,Jul to Sep,Beach/Cliff,2019-2020/Q2,Portland,E789012,,x
2019,Jul to Sep,Mountain,2019-2020/Q2,Portland,E789012,,x
2019,Jul to Sep,Other,2019-2020/Q2,Portland,E789012,,x
2019,Jul to Sep,Vessel,2019-2020/Q2,Portland,E789012,,x
2019,Jul to Sep,Total,2019-2020/Q2,Portland,E789012,,x
2019,Oct to Dec,Beach/Cliff,2019-2020/Q3,Portland,E789012,,x
2019,Oct to Dec,Mountain,2019-2020/Q3,Portland,E789012,,x
2019,Oct to Dec,Other,2019-2020/Q3,Portland,E789012,,x
2019,Oct to Dec,Vessel,2019-2020/Q3,Portland,E789012,,x
2019,Oct to Dec,Total,2019-2020/Q3,Portland,E789012,,x
2020,Jan to Mar,Beach/Cliff,2020-2021/Q4,Portland,E789012,,x
2020,Jan to Mar,Mountain,2020-2021/Q4,Portland,E789012,,x
2020,Jan to Mar,Other,2020-2021/Q4,Portland,E789012,,x
2020,Jan to Mar,Vessel,2020-2021/Q4,Portland,E789012,,x
2020,Jan to Mar,Total,2020-2021/Q4,Portland,E789012,,x
2020,Apr to Jun,Beach/Cliff,2020-2021/Q1,Portland,E789012,,x
2020,Apr to Jun,Mountain,2020-2021/Q1,Portland,E789012,,x
2020,Apr to Jun,Other,2020-2021/Q1,Portland,E789012,,x
2020,Apr to Jun,Vessel,2020-2021/Q1,Portland,E789012,,x
2020,Apr to Jun,Total,2020-2021/Q1,Portland,E789012,,x
2020,Jul to Sep,Beach/Cliff,2020-2021/Q2,Portland,E789012,,x
2020,Jul to Sep,Mountain,2020-2021/Q2,Portland,E789012,,x
2020,Jul to Sep,Other,2020-2021/Q2,Portland,E789012,,x
2020,Jul to Sep,Vessel,2020-2021/Q2,Portland,E789012,,x
2020,Jul to Sep,Total,2020-2021/Q2,Portland,E789012,,x
2020,Oct to Dec,Beach/Cliff,2020-2021/Q3,Portland,E789012,,x
2020,Oct to Dec,Mountain,2020-2021/Q3,Portland,E789012,,x
2020,Oct to Dec,Other,2020-2021/Q3,Portland,E789012,,x
2020,Oct to Dec,Vessel,2020-2021/Q3,Portland,E789012,,x
2020,Oct to Dec,Total,2020-2021/Q3,Portland,E789012,,x
2021,Jan to Mar,Beach/Cliff,2021-2022/Q4,Portland,E789012,,x
2021,Jan to Mar,Mountain,2021-2022/Q4,Portland,E789012,,x
2021,Jan to Mar,Other,2021-2022/Q4,Portland,E789012,,x
2021,Jan to Mar,Vessel,2021-2022/Q4,Portland,E789012,,x
2021,Jan to Mar,Total,2021-2022/Q4,Portland,E789012,,x
2021,Apr to Jun,Beach/Cliff,2021-2022/Q1,Portland,E789012,,x
2021,Apr to Jun,Mountain,2021-2022/Q1,Portland,E789012,,x
2021,Apr to Jun,Other,2021-2022/Q1,Portland,E789012,,x
2021,Apr to Jun,Vessel,2021-2022/Q1,Portland,E789012,,x
2021,Apr to Jun,Total,2021-2022/Q1,Portland,E789012,,x
2021,Jul to Sep,Beach/Cliff,2021-2022/Q2,Portland,E789012,,x
2021,Jul to Sep,Mountain,2021-2022/Q2,Portland,E789012,,x
2021,Jul to Sep,Other,2021-2022/Q2,Portland,E789012,,x
2021,Jul to Sep,Vessel,2021-2022/Q2,Portland,E789012,,x
2021,Jul to Sep,Total,2021-2022/Q2,Portland,E789012,,x
2021,Oct to Dec,Beach/Cliff,2021-2022/Q3,Portland,E789012,,x
2021,Oct to Dec,Mountain,2021-2022/Q3,Portland,E789012,,x
2021,Oct to Dec,Other,2021-2022/Q3,Portland,E789012,,x
2021,Oct to Dec,Vessel,2021-2022/Q3,Portland,E789012,,x
2021,Oct to Dec,Total,2021-2022/Q3,Portland,E789012,,x
2022,Jan to Mar,Beach/Cliff,2022-2023/Q4,Portland,E789012,,x
2022,Jan to Mar,Mountain,2022-2023/Q4,Portland,E789012,,x
2022,Jan to Mar,Other,2022-2023/Q4,Portland,E789012,,x
2022,Jan to Mar,Vessel,2022-2023/Q4,Portland,E789012,,x
2022,Jan to Mar,Total,2022-2023/Q4,Portland,E789012,,x
2017,Apr to Jun,Beach/Cliff,2017-2018/Q1,Prestwick,E890123,12,
2017,Apr to Jun,Mountain,2017-2018/Q1,Prestwick,E890123,19,
2017,Apr to Jun,Other,2017-2018/Q1,Prestwick,E890123,36,
2017,Apr to Jun,Vessel,2017-2018/Q1,Prestwick,E890123,13,
2017,Apr to Jun,Total,2017-2018/Q1,Prestwick,E890123,80,
2017,Jul to Sep,Beach/Cliff,2017-2018/Q2,Prestwick,E890123,15,
2017,Jul to Sep,Mountain,2017-2018/Q2,Prestwick,E890123,38,
2017,Jul to Sep,Other,2017-2018/Q2,Prestwick,E890123,58,
2017,Jul to Sep,Vessel,2017-2018/Q2,Prestwick,E890123,12,
2017,Jul to Sep,Total,2017-2018/Q2,Prestwick,E890123,123,
2017,Oct to Dec,Beach/Cliff,2017-2018/Q3,Prestwick,E890123,7,
2017,Oct to Dec,Mountain,2017-2018/Q3,Prestwick,E890123,20,
2017,Oct to Dec,Other,2017-2018/Q3,Prestwick,E890123,46,
2017,Oct to Dec,Vessel,2017-2018/Q3,Prestwick,E890123,2,
2017,Oct to Dec,Total,2017-2018/Q3,Prestwick,E890123,75,
2018,Jan to Mar,Beach/Cliff,2018-2019/Q4,Prestwick,E890123,6,
2018,Jan to Mar,Mountain,2018-2019/Q4,Prestwick,E890123,36,
2018,Jan to Mar,Other,2018-2019/Q4,Prestwick,E890123,37,
2018,Jan to Mar,Vessel,2018-2019/Q4,Prestwick,E890123,3,
2018,Jan to Mar,Total,2018-2019/Q4,Prestwick,E890123,82,
2018,Apr to Jun,Beach/Cliff,2018-2019/Q1,Prestwick,E890123,15,
2018,Apr to Jun,Mountain,2018-2019/Q1,Prestwick,E890123,29,
2018,Apr to Jun,Other,2018-2019/Q1,Prestwick,E890123,31,
2018,Apr to Jun,Vessel,2018-2019/Q1,Prestwick,E890123,6,
2018,Apr to Jun,Total,2018-2019/Q1,Prestwick,E890123,81,
2018,Jul to Sep,Beach/Cliff,2018-2019/Q2,Prestwick,E890123,13,
2018,Jul to Sep,Mountain,2018-2019/Q2,Prestwick,E890123,36,
2018,Jul to Sep,Other,2018-2019/Q2,Prestwick,E890123,49,
2018,Jul to Sep,Vessel,2018-2019/Q2,Prestwick,E890123,10,
2018,Jul to Sep,Total,2018-2019/Q2,Prestwick,E890123,108,
2018,Oct to Dec,Beach/Cliff,2018-2019/Q3,Prestwick,E890123,5,
2018,Oct to Dec,Mountain,2018-2019/Q3,Prestwick,E890123,9,
2018,Oct to Dec,Other,2018-2019/Q3,Prestwick,E890123,47,
2018,Oct to Dec,Vessel,2018-2019/Q3,Prestwick,E890123,4,
2018,Oct to Dec,Total,2018-2019/Q3,Prestwick,E890123,65,
2019,Jan to Mar,Beach/Cliff,2019-2020/Q4,Prestwick,E890123,6,
2019,Jan to Mar,Mountain,2019-2020/Q4,Prestwick,E890123,15,
2019,Jan to Mar,Other,2019-2020/Q4,Prestwick,E890123,39,
2019,Jan to Mar,Vessel,2019-2020/Q4,Prestwick,E890123,4,
2019,Jan to Mar,Total,2019-2020/Q4,Prestwick,E890123,64,
2019,Apr to Jun,Beach/Cliff,2019-2020/Q1,Prestwick,E890123,12,
2019,Apr to Jun,Mountain,2019-2020/Q1,Prestwick,E890123,14,
2019,Apr to Jun,Other,2019-2020/Q1,Prestwick,E890123,45,
2019,Apr to Jun,Vessel,2019-2020/Q1,Prestwick,E890123,12,
2019,Apr to Jun,Total,2019-2020/Q1,Prestwick,E890123,83,
2019,Jul to Sep,Beach/Cliff,2019-2020/Q2,Prestwick,E890123,22,
2019,Jul to Sep,Mountain,2019-2020/Q2,Prestwick,E890123,29,
2019,Jul to Sep,Other,2019-2020/Q2,Prestwick,E890123,46,
2019,Jul to Sep,Vessel,2019-2020/Q2,Prestwick,E890123,12,
2019,Jul to Sep,Total,2019-2020/Q2,Prestwick,E890123,109,
2019,Oct to Dec,Beach/Cliff,2019-2020/Q3,Prestwick,E890123,5,
2019,Oct to Dec,Mountain,2019-2020/Q3,Prestwick,E890123,17,
2019,Oct to Dec,Other,2019-2020/Q3,Prestwick,E890123,48,
2019,Oct to Dec,Vessel,2019-2020/Q3,Prestwick,E890123,2,
2019,Oct to Dec,Total,2019-2020/Q3,Prestwick,E890123,72,
2020,Jan to Mar,Beach/Cliff,2020-2021/Q4,Prestwick,E890123,9,
2020,Jan to Mar,Mountain,2020-2021/Q4,Prestwick,E890123,20,
2020,Jan to Mar,Other,2020-2021/Q4,Prestwick,E890123,44,
2020,Jan to Mar,Vessel,2020-2021/Q4,Prestwick,E890123,1,
2020,Jan to Mar,Total,2020-2021/Q4,Prestwick,E890123,74,
2020,Apr to Jun,Beach/Cliff,2020-2021/Q1,Prestwick,E890123,17,
2020,Apr to Jun,Mountain,2020-2021/Q1,Prestwick,E890123,3,
2020,Apr to Jun,Other,2020-2021/Q1,Prestwick,E890123,36,
2020,Apr to Jun,Vessel,2020-2021/Q1,Prestwick,E890123,1,
2020,Apr to Jun,Total,2020-2021/Q1,Prestwick,E890123,57,
2020,Jul to Sep,Beach/Cliff,2020-2021/Q2,Prestwick,E890123,27,
2020,Jul to Sep,Mountain,2020-2021/Q2,Prestwick,E890123,44,
2020,Jul to Sep,Other,2020-2021/Q2,Prestwick,E890123,69,
2020,Jul to Sep,Vessel,2020-2021/Q2,Prestwick,E890123,3,
2020,Jul to Sep,Total,2020-2021/Q2,Prestwick,E890123,143,
2020,Oct to Dec,Beach/Cliff,2020-2021/Q3,Prestwick,E890123,11,
2020,Oct to Dec,Mountain,2020-2021/Q3,Prestwick,E890123,18,
2020,Oct to Dec,Other,2020-2021/Q3,Prestwick,E890123,36,
2020,Oct to Dec,Vessel,2020-2021/Q3,Prestwick,E890123,5,
2020,Oct to Dec,Total,2020-2021/Q3,Prestwick,E890123,70,
2021,Jan to Mar,Beach/Cliff,2021-2022/Q4,Prestwick,E890123,9,
2021,Jan to Mar,Mountain,2021-2022/Q4,Prestwick,E890123,12,
2021,Jan to Mar,Other,2021-2022/Q4,Prestwick,E890123,56,
2021,Jan to Mar,Vessel,2021-2022/Q4,Prestwick,E890123,3,
2021,Jan to Mar,Total,2021-2022/Q4,Prestwick,E890123,80,
2021,Apr to Jun,Beach/Cliff,2021-2022/Q1,Prestwick,E890123,18,
2021,Apr to Jun,Mountain,2021-2022/Q1,Prestwick,E890123,30,
2021,Apr to Jun,Other,2021-2022/Q1,Prestwick,E890123,46,
2021,Apr to Jun,Vessel,2021-2022/Q1,Prestwick,E890123,10,
2021,Apr to Jun,Total,2021-2022/Q1,Prestwick,E890123,104,
2021,Jul to Sep,Beach/Cliff,2021-2022/Q2,Prestwick,E890123,30,
2021,Jul to Sep,Mountain,2021-2022/Q2,Prestwick,E890123,44,
2021,Jul to Sep,Other,2021-2022/Q2,Prestwick,E890123,80,
2021,Jul to Sep,Vessel,2021-2022/Q2,Prestwick,E890123,10,
2021,Jul to Sep,Total,2021-2022/Q2,Prestwick,E890123,164,
2021,Oct to Dec,Beach/Cliff,2021-2022/Q3,Prestwick,E890123,15,
2021,Oct to Dec,Mountain,2021-2022/Q3,Prestwick,E890123,13,
2021,Oct to Dec,Other,2021-2022/Q3,Prestwick,E890123,74,
2021,Oct to Dec,Vessel,2021-2022/Q3,Prestwick,E890123,1,
2021,Oct to Dec,Total,2021-2022/Q3,Prestwick,E890123,103,
2022,Jan to Mar,Beach/Cliff,2022-2023/Q4,Prestwick,E890123,7,
2022,Jan to Mar,Mountain,2022-2023/Q4,Prestwick,E890123,27,
2022,Jan to Mar,Other,2022-2023/Q4,Prestwick,E890123,55,
2022,Jan to Mar,Vessel,2022-2023/Q4,Prestwick,E890123,3,
2022,Jan to Mar,Total,2022-2023/Q4,Prestwick,E890123,92,
2017,Apr to Jun,Beach/Cliff,2017-2018/Q1,St Athan,E901234,30,
2017,Apr to Jun,Mountain,2017-2018/Q1,St Athan,E901234,7,
2017,Apr to Jun,Other,2017-2018/Q1,St Athan,E901234,29,
2017,Apr to Jun,Vessel,2017-2018/Q1,St Athan,E901234,10,
2017,Apr to Jun,Total,2017-2018/Q1,St Athan,E901234,76,
2017,Jul to Sep,Beach/Cliff,2017-2018/Q2,St Athan,E901234,58,
2017,Jul to Sep,Mountain,2017-2018/Q2,St Athan,E901234,9,
2017,Jul to Sep,Other,2017-2018/Q2,St Athan,E901234,38,
2017,Jul to Sep,Vessel,2017-2018/Q2,St Athan,E901234,12,
2017,Jul to Sep,Total,2017-2018/Q2,St Athan,E901234,117,
2017,Oct to Dec,Beach/Cliff,2017-2018/Q3,St Athan,E901234,16,
2017,Oct to Dec,Mountain,2017-2018/Q3,St Athan,E901234,9,
2017,Oct to Dec,Other,2017-2018/Q3,St Athan,E901234,36,
2017,Oct to Dec,Vessel,2017-2018/Q3,St Athan,E901234,3,
2017,Oct to Dec,Total,2017-2018/Q3,St Athan,E901234,64,
2018,Jan to Mar,Beach/Cliff,2018-2019/Q4,St Athan,E901234,19,
2018,Jan to Mar,Mountain,2018-2019/Q4,St Athan,E901234,9,
2018,Jan to Mar,Other,2018-2019/Q4,St Athan,E901234,24,
2018,Jan to Mar,Vessel,2018-2019/Q4,St Athan,E901234,1,
2018,Jan to Mar,Total,2018-2019/Q4,St Athan,E901234,53,
2018,Apr to Jun,Beach/Cliff,2018-2019/Q1,St Athan,E901234,31,
2018,Apr to Jun,Mountain,2018-2019/Q1,St Athan,E901234,9,
2018,Apr to Jun,Other,2018-2019/Q1,St Athan,E901234,19,
2018,Apr to Jun,Vessel,2018-2019/Q1,St Athan,E901234,6,
2018,Apr to Jun,Total,2018-2019/Q1,St Athan,E901234,65,
2018,Jul to Sep,Beach/Cliff,2018-2019/Q2,St Athan,E901234,25,
2018,Jul to Sep,Mountain,2018-2019/Q2,St Athan,E901234,9,
2018,Jul to Sep,Other,2018-2019/Q2,St Athan,E901234,32,
2018,Jul to Sep,Vessel,2018-2019/Q2,St Athan,E901234,6,
2018,Jul to Sep,Total,2018-2019/Q2,St Athan,E901234,72,
2018,Oct to Dec,Beach/Cliff,2018-2019/Q3,St Athan,E901234,20,
2018,Oct to Dec,Mountain,2018-2019/Q3,St Athan,E901234,5,
2018,Oct to Dec,Other,2018-2019/Q3,St Athan,E901234,25,
2018,Oct to Dec,Vessel,2018-2019/Q3,St Athan,E901234,4,
2018,Oct to Dec,Total,2018-2019/Q3,St Athan,E901234,54,
2019,Jan to Mar,Beach/Cliff,2019-2020/Q4,St Athan,E901234,12,
2019,Jan to Mar,Mountain,2019-2020/Q4,St Athan,E901234,2,
2019,Jan to Mar,Other,2019-2020/Q4,St Athan,E901234,18,
2019,Jan to Mar,Vessel,2019-2020/Q4,St Athan,E901234,5,
2019,Jan to Mar,Total,2019-2020/Q4,St Athan,E901234,37,
2019,Apr to Jun,Beach/Cliff,2019-2020/Q1,St Athan,E901234,38,
2019,Apr to Jun,Mountain,2019-2020/Q1,St Athan,E901234,9,
2019,Apr to Jun,Other,2019-2020/Q1,St Athan,E901234,18,
2019,Apr to Jun,Vessel,2019-2020/Q1,St Athan,E901234,5,
2019,Apr to Jun,Total,2019-2020/Q1,St Athan,E901234,70,
2019,Jul to Sep,Beach/Cliff,2019-2020/Q2,St Athan,E901234,42,
2019,Jul to Sep,Mountain,2019-2020/Q2,St Athan,E901234,7,
2019,Jul to Sep,Other,2019-2020/Q2,St Athan,E901234,29,
2019,Jul to Sep,Vessel,2019-2020/Q2,St Athan,E901234,5,
2019,Jul to Sep,Total,2019-2020/Q2,St Athan,E901234,83,
2019,Oct to Dec,Beach/Cliff,2019-2020/Q3,St Athan,E901234,16,
2019,Oct to Dec,Mountain,2019-2020/Q3,St Athan,E901234,5,
2019,Oct to Dec,Other,2019-2020/Q3,St Athan,E901234,23,
2019,Oct to Dec,Vessel,2019-2020/Q3,St Athan,E901234,2,
2019,Oct to Dec,Total,2019-2020/Q3,St Athan,E901234,46,
2020,Jan to Mar,Beach/Cliff,2020-2021/Q4,St Athan,E901234,17,
2020,Jan to Mar,Mountain,2020-2021/Q4,St Athan,E901234,5,
2020,Jan to Mar,Other,2020-2021/Q4,St Athan,E901234,24,
2020,Jan to Mar,Vessel,2020-2021/Q4,St Athan,E901234,1,
2020,Jan to Mar,Total,2020-2021/Q4,St Athan,E901234,47,
2020,Apr to Jun,Beach/Cliff,2020-2021/Q1,St Athan,E901234,25,
2020,Apr to Jun,Mountain,2020-2021/Q1,St Athan,E901234,1,
2020,Apr to Jun,Other,2020-2021/Q1,St Athan,E901234,14,
2020,Apr to Jun,Vessel,2020-2021/Q1,St Athan,E901234,3,
2020,Apr to Jun,Total,2020-2021/Q1,St Athan,E901234,43,
2020,Jul to Sep,Beach/Cliff,2020-2021/Q2,St Athan,E901234,50,
2020,Jul to Sep,Mountain,2020-2021/Q2,St Athan,E901234,7,
2020,Jul to Sep,Other,2020-2021/Q2,St Athan,E901234,36,
2020,Jul to Sep,Vessel,2020-2021/Q2,St Athan,E901234,6,
2020,Jul to Sep,Total,2020-2021/Q2,St Athan,E901234,99,
2020,Oct to Dec,Beach/Cliff,2020-2021/Q3,St Athan,E901234,16,
2020,Oct to Dec,Mountain,2020-2021/Q3,St Athan,E901234,4,
2020,Oct to Dec,Other,2020-2021/Q3,St Athan,E901234,19,
2020,Oct to Dec,Vessel,2020-2021/Q3,St Athan,E901234,3,
2020,Oct to Dec,Total,2020-2021/Q3,St Athan,E901234,42,
2021,Jan to Mar,Beach/Cliff,2021-2022/Q4,St Athan,E901234,21,
2021,Jan to Mar,Mountain,2021-2022/Q4,St Athan,E901234,4,
2021,Jan to Mar,Other,2021-2022/Q4,St Athan,E901234,20,
2021,Jan to Mar,Vessel,2021-2022/Q4,St Athan,E901234,2,
2021,Jan to Mar,Total,2021-2022/Q4,St Athan,E901234,47,
2021,Apr to Jun,Beach/Cliff,2021-2022/Q1,St Athan,E901234,31,
2021,Apr to Jun,Mountain,2021-2022/Q1,St Athan,E901234,10,
2021,Apr to Jun,Other,2021-2022/Q1,St Athan,E901234,29,
2021,Apr to Jun,Vessel,2021-2022/Q1,St Athan,E901234,8,
2021,Apr to Jun,Total,2021-2022/Q1,St Athan,E901234,78,
2021,Jul to Sep,Beach/Cliff,2021-2022/Q2,St Athan,E901234,37,
2021,Jul to Sep,Mountain,2021-2022/Q2,St Athan,E901234,13,
2021,Jul to Sep,Other,2021-2022/Q2,St Athan,E901234,20,
2021,Jul to Sep,Vessel,2021-2022/Q2,St Athan,E901234,9,
2021,Jul to Sep,Total,2021-2022/Q2,St Athan,E901234,79,
2021,Oct to Dec,Beach/Cliff,2021-2022/Q3,St Athan,E901234,11,
2021,Oct to Dec,Mountain,2021-2022/Q3,St Athan,E901234,2,
2021,Oct to Dec,Other,2021-2022/Q3,St Athan,E901234,24,
2021,Oct to Dec,Vessel,2021-2022/Q3,St Athan,E901234,2,
2021,Oct to Dec,Total,2021-2022/Q3,St Athan,E901234,39,
2022,Jan to Mar,Beach/Cliff,2022-2023/Q4,St Athan,E901234,22,
2022,Jan to Mar,Mountain,2022-2023/Q4,St Athan,E901234,12,
2022,Jan to Mar,Other,2022-2023/Q4,St Athan,E901234,20,
2022,Jan to Mar,Vessel,2022-2023/Q4,St Athan,E901234,0,
2022,Jan to Mar,Total,2022-2023/Q4,St Athan,E901234,54,
2017,Apr to Jun,Beach/Cliff,2017-2018/Q1,Stornoway,E012345,7,
2017,Apr to Jun,Mountain,2017-2018/Q1,Stornoway,E012345,19,
2017,Apr to Jun,Other,2017-2018/Q1,Stornoway,E012345,13,
2017,Apr to Jun,Vessel,2017-2018/Q1,Stornoway,E012345,8,
2017,Apr to Jun,Total,2017-2018/Q1,Stornoway,E012345,47,
2017,Jul to Sep,Beach/Cliff,2017-2018/Q2,Stornoway,E012345,11,
2017,Jul to Sep,Mountain,2017-2018/Q2,Stornoway,E012345,12,
2017,Jul to Sep,Other,2017-2018/Q2,Stornoway,E012345,15,
2017,Jul to Sep,Vessel,2017-2018/Q2,Stornoway,E012345,13,
2017,Jul to Sep,Total,2017-2018/Q2,Stornoway,E012345,51,
2017,Oct to Dec,Beach/Cliff,2017-2018/Q3,Stornoway,E012345,3,
2017,Oct to Dec,Mountain,2017-2018/Q3,Stornoway,E012345,5,
2017,Oct to Dec,Other,2017-2018/Q3,Stornoway,E012345,10,
2017,Oct to Dec,Vessel,2017-2018/Q3,Stornoway,E012345,4,
2017,Oct to Dec,Total,2017-2018/Q3,Stornoway,E012345,22,
2018,Jan to Mar,Beach/Cliff,2018-2019/Q4,Stornoway,E012345,0,
2018,Jan to Mar,Mountain,2018-2019/Q4,Stornoway,E012345,7,
2018,Jan to Mar,Other,2018-2019/Q4,Stornoway,E012345,13,
2018,Jan to Mar,Vessel,2018-2019/Q4,Stornoway,E012345,5,
2018,Jan to Mar,Total,2018-2019/Q4,Stornoway,E012345,25,
2018,Apr to Jun,Beach/Cliff,2018-2019/Q1,Stornoway,E012345,10,
2018,Apr to Jun,Mountain,2018-2019/Q1,Stornoway,E012345,12,
2018,Apr to Jun,Other,2018-2019/Q1,Stornoway,E012345,16,
2018,Apr to Jun,Vessel,2018-2019/Q1,Stornoway,E012345,8,
2018,Apr to Jun,Total,2018-2019/Q1,Stornoway,E012345,46,
2018,Jul to Sep,Beach/Cliff,2018-2019/Q2,Stornoway,E012345,3,
2018,Jul to Sep,Mountain,2018-2019/Q2,Stornoway,E012345,10,
2018,Jul to Sep,Other,2018-2019/Q2,Stornoway,E012345,19,
2018,Jul to Sep,Vessel,2018-2019/Q2,Stornoway,E012345,9,
2018,Jul to Sep,Total,2018-2019/Q2,Stornoway,E012345,41,
2018,Oct to Dec,Beach/Cliff,2018-2019/Q3,Stornoway,E012345,1,
2018,Oct to Dec,Mountain,2018-2019/Q3,Stornoway,E012345,7,
2018,Oct to Dec,Other,2018-2019/Q3,Stornoway,E012345,9,
2018,Oct to Dec,Vessel,2018-2019/Q3,Stornoway,E012345,2,
2018,Oct to Dec,Total,2018-2019/Q3,Stornoway,E012345,19,
2019,Jan to Mar,Beach/Cliff,2019-2020/Q4,Stornoway,E012345,1,
2019,Jan to Mar,Mountain,2019-2020/Q4,Stornoway,E012345,6,
2019,Jan to Mar,Other,2019-2020/Q4,Stornoway,E012345,15,
2019,Jan to Mar,Vessel,2019-2020/Q4,Stornoway,E012345,3,
2019,Jan to Mar,Total,2019-2020/Q4,Stornoway,E012345,25,
2019,Apr to Jun,Beach/Cliff,2019-2020/Q1,Stornoway,E012345,6,
2019,Apr to Jun,Mountain,2019-2020/Q1,Stornoway,E012345,15,
2019,Apr to Jun,Other,2019-2020/Q1,Stornoway,E012345,16,
2019,Apr to Jun,Vessel,2019-2020/Q1,Stornoway,E012345,8,
2019,Apr to Jun,Total,2019-2020/Q1,Stornoway,E012345,45,
2019,Jul to Sep,Beach/Cliff,2019-2020/Q2,Stornoway,E012345,9,
2019,Jul to Sep,Mountain,2019-2020/Q2,Stornoway,E012345,12,
2019,Jul to Sep,Other,2019-2020/Q2,Stornoway,E012345,22,
2019,Jul to Sep,Vessel,2019-2020/Q2,Stornoway,E012345,6,
2019,Jul to Sep,Total,2019-2020/Q2,Stornoway,E012345,49,
2019,Oct to Dec,Beach/Cliff,2019-2020/Q3,Stornoway,E012345,3,
2019,Oct to Dec,Mountain,2019-2020/Q3,Stornoway,E012345,8,
2019,Oct to Dec,Other,2019-2020/Q3,Stornoway,E012345,8,
2019,Oct to Dec,Vessel,2019-2020/Q3,Stornoway,E012345,0,
2019,Oct to Dec,Total,2019-2020/Q3,Stornoway,E012345,19,
2020,Jan to Mar,Beach/Cliff,2020-2021/Q4,Stornoway,E012345,0,
2020,Jan to Mar,Mountain,2020-2021/Q4,Stornoway,E012345,3,
2020,Jan to Mar,Other,2020-2021/Q4,Stornoway,E012345,19,
2020,Jan to Mar,Vessel,2020-2021/Q4,Stornoway,E012345,5,
2020,Jan to Mar,Total,2020-2021/Q4,Stornoway,E012345,27,
2020,Apr to Jun,Beach/Cliff,2020-2021/Q1,Stornoway,E012345,1,
2020,Apr to Jun,Mountain,2020-2021/Q1,Stornoway,E012345,0,
2020,Apr to Jun,Other,2020-2021/Q1,Stornoway,E012345,14,
2020,Apr to Jun,Vessel,2020-2021/Q1,Stornoway,E012345,3,
2020,Apr to Jun,Total,2020-2021/Q1,Stornoway,E012345,18,
2020,Jul to Sep,Beach/Cliff,2020-2021/Q2,Stornoway,E012345,8,
2020,Jul to Sep,Mountain,2020-2021/Q2,Stornoway,E012345,18,
2020,Jul to Sep,Other,2020-2021/Q2,Stornoway,E012345,27,
2020,Jul to Sep,Vessel,2020-2021/Q2,Stornoway,E012345,7,
2020,Jul to Sep,Total,2020-2021/Q2,Stornoway,E012345,60,
2020,Oct to Dec,Beach/Cliff,2020-2021/Q3,Stornoway,E012345,2,
2020,Oct to Dec,Mountain,2020-2021/Q3,Stornoway,E012345,3,
2020,Oct to Dec,Other,2020-2021/Q3,Stornoway,E012345,21,
2020,Oct to Dec,Vessel,2020-2021/Q3,Stornoway,E012345,2,
2020,Oct to Dec,Total,2020-2021/Q3,Stornoway,E012345,28,
2021,Jan to Mar,Beach/Cliff,2021-2022/Q4,Stornoway,E012345,3,
2021,Jan to Mar,Mountain,2021-2022/Q4,Stornoway,E012345,2,
2021,Jan to Mar,Other,2021-2022/Q4,Stornoway,E012345,25,
2021,Jan to Mar,Vessel,2021-2022/Q4,Stornoway,E012345,3,
2021,Jan to Mar,Total,2021-2022/Q4,Stornoway,E012345,33,
2021,Apr to Jun,Beach/Cliff,2021-2022/Q1,Stornoway,E012345,5,
2021,Apr to Jun,Mountain,2021-2022/Q1,Stornoway,E012345,8,
2021,Apr to Jun,Other,2021-2022/Q1,Stornoway,E012345,18,
2021,Apr to Jun,Vessel,2021-2022/Q1,Stornoway,E012345,8,
2021,Apr to Jun,Total,2021-2022/Q1,Stornoway,E012345,39,
2021,Jul to Sep,Beach/Cliff,2021-2022/Q2,Stornoway,E012345,12,
2021,Jul to Sep,Mountain,2021-2022/Q2,Stornoway,E012345,15,
2021,Jul to Sep,Other,2021-2022/Q2,Stornoway,E012345,26,
2021,Jul to Sep,Vessel,2021-2022/Q2,Stornoway,E012345,2,
2021,Jul to Sep,Total,2021-2022/Q2,Stornoway,E012345,55,
2021,Oct to Dec,Beach/Cliff,2021-2022/Q3,Stornoway,E012345,2,
2021,Oct to Dec,Mountain,2021-2022/Q3,Stornoway,E012345,1,
2021,Oct to Dec,Other,2021-2022/Q3,Stornoway,E012345,27,
2021,Oct to Dec,Vessel,2021-2022/Q3,Stornoway,E012345,1,
2021,Oct to Dec,Total,2021-2022/Q3,Stornoway,E012345,31,
2022,Jan to Mar,Beach/Cliff,2022-2023/Q4,Stornoway,E012345,3,
2022,Jan to Mar,Mountain,2022-2023/Q4,Stornoway,E012345,4,
2022,Jan to Mar,Other,2022-2023/Q4,Stornoway,E012345,24,
2022,Jan to Mar,Vessel,2022-2023/Q4,Stornoway,E012345,3,
2022,Jan to Mar,Total,2022-2023/Q4,Stornoway,E012345,34,
2017,Apr to Jun,Beach/Cliff,2017-2018/Q1,Sumburgh,E123456,0,
2017,Apr to Jun,Mountain,2017-2018/Q1,Sumburgh,E123456,0,
2017,Apr to Jun,Other,2017-2018/Q1,Sumburgh,E123456,18,
2017,Apr to Jun,Vessel,2017-2018/Q1,Sumburgh,E123456,12,
2017,Apr to Jun,Total,2017-2018/Q1,Sumburgh,E123456,30,
2017,Jul to Sep,Beach/Cliff,2017-2018/Q2,Sumburgh,E123456,1,
2017,Jul to Sep,Mountain,2017-2018/Q2,Sumburgh,E123456,0,
2017,Jul to Sep,Other,2017-2018/Q2,Sumburgh,E123456,18,
2017,Jul to Sep,Vessel,2017-2018/Q2,Sumburgh,E123456,5,
2017,Jul to Sep,Total,2017-2018/Q2,Sumburgh,E123456,24,
2017,Oct to Dec,Beach/Cliff,2017-2018/Q3,Sumburgh,E123456,0,
2017,Oct to Dec,Mountain,2017-2018/Q3,Sumburgh,E123456,0,
2017,Oct to Dec,Other,2017-2018/Q3,Sumburgh,E123456,21,
2017,Oct to Dec,Vessel,2017-2018/Q3,Sumburgh,E123456,11,
2017,Oct to Dec,Total,2017-2018/Q3,Sumburgh,E123456,32,
2018,Jan to Mar,Beach/Cliff,2018-2019/Q4,Sumburgh,E123456,0,
2018,Jan to Mar,Mountain,2018-2019/Q4,Sumburgh,E123456,0,
2018,Jan to Mar,Other,2018-2019/Q4,Sumburgh,E123456,38,
2018,Jan to Mar,Vessel,2018-2019/Q4,Sumburgh,E123456,10,
2018,Jan to Mar,Total,2018-2019/Q4,Sumburgh,E123456,48,
2018,Apr to Jun,Beach/Cliff,2018-2019/Q1,Sumburgh,E123456,1,
2018,Apr to Jun,Mountain,2018-2019/Q1,Sumburgh,E123456,0,
2018,Apr to Jun,Other,2018-2019/Q1,Sumburgh,E123456,31,
2018,Apr to Jun,Vessel,2018-2019/Q1,Sumburgh,E123456,9,
2018,Apr to Jun,Total,2018-2019/Q1,Sumburgh,E123456,41,
2018,Jul to Sep,Beach/Cliff,2018-2019/Q2,Sumburgh,E123456,1,
2018,Jul to Sep,Mountain,2018-2019/Q2,Sumburgh,E123456,0,
2018,Jul to Sep,Other,2018-2019/Q2,Sumburgh,E123456,29,
2018,Jul to Sep,Vessel,2018-2019/Q2,Sumburgh,E123456,7,
2018,Jul to Sep,Total,2018-2019/Q2,Sumburgh,E123456,37,
2018,Oct to Dec,Beach/Cliff,2018-2019/Q3,Sumburgh,E123456,0,
2018,Oct to Dec,Mountain,2018-2019/Q3,Sumburgh,E123456,0,
2018,Oct to Dec,Other,2018-2019/Q3,Sumburgh,E123456,21,
2018,Oct to Dec,Vessel,2018-2019/Q3,Sumburgh,E123456,11,
2018,Oct to Dec,Total,2018-2019/Q3,Sumburgh,E123456,32,
2019,Jan to Mar,Beach/Cliff,2019-2020/Q4,Sumburgh,E123456,1,
2019,Jan to Mar,Mountain,2019-2020/Q4,Sumburgh,E123456,0,
2019,Jan to Mar,Other,2019-2020/Q4,Sumburgh,E123456,28,
2019,Jan to Mar,Vessel,2019-2020/Q4,Sumburgh,E123456,4,
2019,Jan to Mar,Total,2019-2020/Q4,Sumburgh,E123456,33,
2019,Apr to Jun,Beach/Cliff,2019-2020/Q1,Sumburgh,E123456,1,
2019,Apr to Jun,Mountain,2019-2020/Q1,Sumburgh,E123456,0,
2019,Apr to Jun,Other,2019-2020/Q1,Sumburgh,E123456,30,
2019,Apr to Jun,Vessel,2019-2020/Q1,Sumburgh,E123456,15,
2019,Apr to Jun,Total,2019-2020/Q1,Sumburgh,E123456,46,
2019,Jul to Sep,Beach/Cliff,2019-2020/Q2,Sumburgh,E123456,2,
2019,Jul to Sep,Mountain,2019-2020/Q2,Sumburgh,E123456,0,
2019,Jul to Sep,Other,2019-2020/Q2,Sumburgh,E123456,33,
2019,Jul to Sep,Vessel,2019-2020/Q2,Sumburgh,E123456,10,
2019,Jul to Sep,Total,2019-2020/Q2,Sumburgh,E123456,45,
2019,Oct to Dec,Beach/Cliff,2019-2020/Q3,Sumburgh,E123456,3,
2019,Oct to Dec,Mountain,2019-2020/Q3,Sumburgh,E123456,0,
2019,Oct to Dec,Other,2019-2020/Q3,Sumburgh,E123456,49,
2019,Oct to Dec,Vessel,2019-2020/Q3,Sumburgh,E123456,20,
2019,Oct to Dec,Total,2019-2020/Q3,Sumburgh,E123456,72,
2020,Jan to Mar,Beach/Cliff,2020-2021/Q4,Sumburgh,E123456,0,
2020,Jan to Mar,Mountain,2020-2021/Q4,Sumburgh,E123456,0,
2020,Jan to Mar,Other,2020-2021/Q4,Sumburgh,E123456,30,
2020,Jan to Mar,Vessel,2020-2021/Q4,Sumburgh,E123456,3,
2020,Jan to Mar,Total,2020-2021/Q4,Sumburgh,E123456,33,
2020,Apr to Jun,Beach/Cliff,2020-2021/Q1,Sumburgh,E123456,1,
2020,Apr to Jun,Mountain,2020-2021/Q1,Sumburgh,E123456,0,
2020,Apr to Jun,Other,2020-2021/Q1,Sumburgh,E123456,10,
2020,Apr to Jun,Vessel,2020-2021/Q1,Sumburgh,E123456,6,
2020,Apr to Jun,Total,2020-2021/Q1,Sumburgh,E123456,17,
2020,Jul to Sep,Beach/Cliff,2020-2021/Q2,Sumburgh,E123456,3,
2020,Jul to Sep,Mountain,2020-2021/Q2,Sumburgh,E123456,0,
2020,Jul to Sep,Other,2020-2021/Q2,Sumburgh,E123456,32,
2020,Jul to Sep,Vessel,2020-2021/Q2,Sumburgh,E123456,5,
2020,Jul to Sep,Total,2020-2021/Q2,Sumburgh,E123456,40,
2020,Oct to Dec,Beach/Cliff,2020-2021/Q3,Sumburgh,E123456,0,
2020,Oct to Dec,Mountain,2020-2021/Q3,Sumburgh,E123456,0,
2020,Oct to Dec,Other,2020-2021/Q3,Sumburgh,E123456,26,
2020,Oct to Dec,Vessel,2020-2021/Q3,Sumburgh,E123456,4,
2020,Oct to Dec,Total,2020-2021/Q3,Sumburgh,E123456,30,
2021,Jan to Mar,Beach/Cliff,2021-2022/Q4,Sumburgh,E123456,0,
2021,Jan to Mar,Mountain,2021-2022/Q4,Sumburgh,E123456,0,
2021,Jan to Mar,Other,2021-2022/Q4,Sumburgh,E123456,29,
2021,Jan to Mar,Vessel,2021-2022/Q4,Sumburgh,E123456,12,
2021,Jan to Mar,Total,2021-2022/Q4,Sumburgh,E123456,41,
2021,Apr to Jun,Beach/Cliff,2021-2022/Q1,Sumburgh,E123456,1,
2021,Apr to Jun,Mountain,2021-2022/Q1,Sumburgh,E123456,0,
2021,Apr to Jun,Other,2021-2022/Q1,Sumburgh,E123456,32,
2021,Apr to Jun,Vessel,2021-2022/Q1,Sumburgh,E123456,16,
2021,Apr to Jun,Total,2021-2022/Q1,Sumburgh,E123456,49,
2021,Jul to Sep,Beach/Cliff,2021-2022/Q2,Sumburgh,E123456,1,
2021,Jul to Sep,Mountain,2021-2022/Q2,Sumburgh,E123456,0,
2021,Jul to Sep,Other,2021-2022/Q2,Sumburgh,E123456,45,
2021,Jul to Sep,Vessel,2021-2022/Q2,Sumburgh,E123456,6,
2021,Jul to Sep,Total,2021-2022/Q2,Sumburgh,E123456,52,
2021,Oct to Dec,Beach/Cliff,2021-2022/Q3,Sumburgh,E123456,1,
2021,Oct to Dec,Mountain,2021-2022/Q3,Sumburgh,E123456,0,
2021,Oct to Dec,Other,2021-2022/Q3,Sumburgh,E123456,32,
2021,Oct to Dec,Vessel,2021-2022/Q3,Sumburgh,E123456,2,
2021,Oct to Dec,Total,2021-2022/Q3,Sumburgh,E123456,35,
2022,Jan to Mar,Beach/Cliff,2022-2023/Q4,Sumburgh,E123456,0,
2022,Jan to Mar,Mountain,2022-2023/Q4,Sumburgh,E123456,0,
2022,Jan to Mar,Other,2022-2023/Q4,Sumburgh,E123456,30,
2022,Jan to Mar,Vessel,2022-2023/Q4,Sumburgh,E123456,4,
2022,Jan to Mar,Total,2022-2023/Q4,Sumburgh,E123456,34,
2017,Apr to Jun,Beach/Cliff,2017-2018/Q1,Total,,140,
2017,Apr to Jun,Mountain,2017-2018/Q1,Total,,113,
2017,Apr to Jun,Other,2017-2018/Q1,Total,,286,
2017,Apr to Jun,Vessel,2017-2018/Q1,Total,,121,
2017,Apr to Jun,Total,2017-2018/Q1,Total,,660,
2017,Jul to Sep,Beach/Cliff,2017-2018/Q2,Total,,228,
2017,Jul to Sep,Mountain,2017-2018/Q2,Total,,144,
2017,Jul to Sep,Other,2017-2018/Q2,Total,,366,
2017,Jul to Sep,Vessel,2017-2018/Q2,Total,,112,
2017,Jul to Sep,Total,2017-2018/Q2,Total,,850,
2017,Oct to Dec,Beach/Cliff,2017-2018/Q3,Total,,101,
2017,Oct to Dec,Mountain,2017-2018/Q3,Total,,81,
2017,Oct to Dec,Other,2017-2018/Q3,Total,,270,
2017,Oct to Dec,Vessel,2017-2018/Q3,Total,,65,
2017,Oct to Dec,Total,2017-2018/Q3,Total,,517,
2018,Jan to Mar,Beach/Cliff,2018-2019/Q4,Total,,90,
2018,Jan to Mar,Mountain,2018-2019/Q4,Total,,153,
2018,Jan to Mar,Other,2018-2019/Q4,Total,,294,
2018,Jan to Mar,Vessel,2018-2019/Q4,Total,,64,
2018,Jan to Mar,Total,2018-2019/Q4,Total,,601,
2018,Apr to Jun,Beach/Cliff,2018-2019/Q1,Total,,154,
2018,Apr to Jun,Mountain,2018-2019/Q1,Total,,134,
2018,Apr to Jun,Other,2018-2019/Q1,Total,,292,
2018,Apr to Jun,Vessel,2018-2019/Q1,Total,,103,
2018,Apr to Jun,Total,2018-2019/Q1,Total,,683,
2018,Jul to Sep,Beach/Cliff,2018-2019/Q2,Total,,180,
2018,Jul to Sep,Mountain,2018-2019/Q2,Total,,142,
2018,Jul to Sep,Other,2018-2019/Q2,Total,,373,
2018,Jul to Sep,Vessel,2018-2019/Q2,Total,,103,
2018,Jul to Sep,Total,2018-2019/Q2,Total,,798,
2018,Oct to Dec,Beach/Cliff,2018-2019/Q3,Total,,95,
2018,Oct to Dec,Mountain,2018-2019/Q3,Total,,68,
2018,Oct to Dec,Other,2018-2019/Q3,Total,,286,
2018,Oct to Dec,Vessel,2018-2019/Q3,Total,,66,
2018,Oct to Dec,Total,2018-2019/Q3,Total,,515,
2019,Jan to Mar,Beach/Cliff,2019-2020/Q4,Total,,83,
2019,Jan to Mar,Mountain,2019-2020/Q4,Total,,57,
2019,Jan to Mar,Other,2019-2020/Q4,Total,,254,
2019,Jan to Mar,Vessel,2019-2020/Q4,Total,,48,
2019,Jan to Mar,Total,2019-2020/Q4,Total,,442,
2019,Apr to Jun,Beach/Cliff,2019-2020/Q1,Total,,153,
2019,Apr to Jun,Mountain,2019-2020/Q1,Total,,119,
2019,Apr to Jun,Other,2019-2020/Q1,Total,,278,
2019,Apr to Jun,Vessel,2019-2020/Q1,Total,,102,
2019,Apr to Jun,Total,2019-2020/Q1,Total,,652,
2019,Jul to Sep,Beach/Cliff,2019-2020/Q2,Total,,199,
2019,Jul to Sep,Mountain,2019-2020/Q2,Total,,146,
2019,Jul to Sep,Other,2019-2020/Q2,Total,,301,
2019,Jul to Sep,Vessel,2019-2020/Q2,Total,,118,
2019,Jul to Sep,Total,2019-2020/Q2,Total,,764,
2019,Oct to Dec,Beach/Cliff,2019-2020/Q3,Total,,77,
2019,Oct to Dec,Mountain,2019-2020/Q3,Total,,66,
2019,Oct to Dec,Other,2019-2020/Q3,Total,,306,
2019,Oct to Dec,Vessel,2019-2020/Q3,Total,,58,
2019,Oct to Dec,Total,2019-2020/Q3,Total,,507,
2020,Jan to Mar,Beach/Cliff,2020-2021/Q4,Total,,94,
2020,Jan to Mar,Mountain,2020-2021/Q4,Total,,79,
2020,Jan to Mar,Other,2020-2021/Q4,Total,,243,
2020,Jan to Mar,Vessel,2020-2021/Q4,Total,,41,
2020,Jan to Mar,Total,2020-2021/Q4,Total,,457,
2020,Apr to Jun,Beach/Cliff,2020-2021/Q1,Total,,172,
2020,Apr to Jun,Mountain,2020-2021/Q1,Total,,10,
2020,Apr to Jun,Other,2020-2021/Q1,Total,,193,
2020,Apr to Jun,Vessel,2020-2021/Q1,Total,,64,
2020,Apr to Jun,Total,2020-2021/Q1,Total,,439,
2020,Jul to Sep,Beach/Cliff,2020-2021/Q2,Total,,265,
2020,Jul to Sep,Mountain,2020-2021/Q2,Total,,177,
2020,Jul to Sep,Other,2020-2021/Q2,Total,,358,
2020,Jul to Sep,Vessel,2020-2021/Q2,Total,,83,
2020,Jul to Sep,Total,2020-2021/Q2,Total,,883,
2020,Oct to Dec,Beach/Cliff,2020-2021/Q3,Total,,97,
2020,Oct to Dec,Mountain,2020-2021/Q3,Total,,63,
2020,Oct to Dec,Other,2020-2021/Q3,Total,,218,
2020,Oct to Dec,Vessel,2020-2021/Q3,Total,,57,
2020,Oct to Dec,Total,2020-2021/Q3,Total,,435,
2021,Jan to Mar,Beach/Cliff,2021-2022/Q4,Total,,85,
2021,Jan to Mar,Mountain,2021-2022/Q4,Total,,36,
2021,Jan to Mar,Other,2021-2022/Q4,Total,,258,
2021,Jan to Mar,Vessel,2021-2022/Q4,Total,,42,
2021,Jan to Mar,Total,2021-2022/Q4,Total,,421,
2021,Apr to Jun,Beach/Cliff,2021-2022/Q1,Total,,167,
2021,Apr to Jun,Mountain,2021-2022/Q1,Total,,125,
2021,Apr to Jun,Other,2021-2022/Q1,Total,,273,
2021,Apr to Jun,Vessel,2021-2022/Q1,Total,,100,
2021,Apr to Jun,Total,2021-2022/Q1,Total,,665,
2021,Jul to Sep,Beach/Cliff,2021-2022/Q2,Total,,271,
2021,Jul to Sep,Mountain,2021-2022/Q2,Total,,227,
2021,Jul to Sep,Other,2021-2022/Q2,Total,,371,
2021,Jul to Sep,Vessel,2021-2022/Q2,Total,,109,
2021,Jul to Sep,Total,2021-2022/Q2,Total,,978,
2021,Oct to Dec,Beach/Cliff,2021-2022/Q3,Total,,102,
2021,Oct to Dec,Mountain,2021-2022/Q3,Total,,70,
2021,Oct to Dec,Other,2021-2022/Q3,Total,,339,
2021,Oct to Dec,Vessel,2021-2022/Q3,Total,,50,
2021,Oct to Dec,Total,2021-2022/Q3,Total,,561,
2022,Jan to Mar,Beach/Cliff,2022-2023/Q4,Total,,106,
2022,Jan to Mar,Mountain,2022-2023/Q4,Total,,111,
2022,Jan to Mar,Other,2022-2023/Q4,Total,,289,
2022,Jan to Mar,Vessel,2022-2023/Q4,Total,,37,
2022,Jan to Mar,Total,2022-2023/Q4,Total,,543,
